Workbook

Sheet DASH
B1: 📦 Dashboard de Emissões
B2: ="Base: "&COUNTIF(DADOS!$G$2:$G$5001,"?*")&" CT-es • Período: "&IF(COUNT(DADOS!$A$2:$A$5001)=0,"—",TEXT(MIN(DADOS!$A$2:$A$5001),"dd/mm/yyyy")&" a "&TEXT(MAX(DADOS!$A$2:$A$5001),"dd/mm/yyyy"))&" • Filtrados: "&COUNTIF(DADOS!$V$2:$V$5001,TRUE)&" • "&IF(AND(BASE!$A$1="Modal",BASE!$H$1="DEST",BASE!$J$1="ID Conhec",BASE!$K$1="DATA",BASE!$L$1="DT. PREV. ENTREGA",BASE!$O$1="PRAZO",BASE!$S$1="TIPO FRETE",BASE!$V$1="VALOR DO FRETE",BASE!$W$1="VOL.",BASE!$X$1="REMETENTE",BASE!$Y$1="DESTINATARIO",BASE!$AA$1="NOTAS"),"✔ Layout da base reconhecido","⚠ Layout da BASE diferente do esperado — conferir colunas / colar a partir da A1")&IF(COUNTA(BASE!$J$5002:$J$6000)>0," • ⚠ Base passa de 5000 linhas: excedente ignorado","")&IF(COUNTIF(DADOS!$G$2:$G$5001,"?*")>COUNT(DADOS!$A$2:$A$5001)," • ⚠ "&(COUNTIF(DADOS!$G$2:$G$5001,"?*")-COUNT(DADOS!$A$2:$A$5001))&" linha(s) com data inválida","") -> Base: 953 CT-es • Período: 09/10/2026 a 10/10/2026 • Filtrados: 11 • ✔ Layout da base reconhecido
B3: Emissão de | C3: Emissão até | D3: Prazo de (dias) | E3: Prazo até | F3: Destino | G3: Remetente | H3: Situação CT-e | I3: Tipo frete | J3: Célula | K3: Categoria | L3: Buscar: ID / NF / AWB / destinatário
F4: Todos | G4: DATEN TECNOLOGIA | H4: AUTORIZADO | I4: Todos | J4: Todos | K4: Todos
B6: CT-es emitidos | D6: Volumes | F6: Valor de frete | H6: Frete médio / CT-e | J6: Prazo médio (dias) | L6: CT-e autorizado | N6: Pendências de CT-e
B7: =COUNTIF(DADOS!$V$2:$V$5001,TRUE) -> 11 | D7: =SUMIFS(DADOS!$Q$2:$Q$5001,DADOS!$V$2:$V$5001,TRUE) -> 16 | F7: =SUMIFS(DADOS!$P$2:$P$5001,DADOS!$V$2:$V$5001,TRUE) -> 1445.83 | H7: =IFERROR(SUMIFS(DADOS!$P$2:$P$5001,DADOS!$V$2:$V$5001,TRUE)/COUNTIF(DADOS!$V$2:$V$5001,TRUE),0) -> 131.43909 | J7: =IFERROR(AVERAGEIFS(DADOS!$C$2:$C$5001,DADOS!$V$2:$V$5001,TRUE),0) -> 9.8181818 | L7: =IFERROR(COUNTIFS(DADOS!$V$2:$V$5001,TRUE,DADOS!$L$2:$L$5001,"AUTORIZADO")/COUNTIF(DADOS!$V$2:$V$5001,TRUE),0) -> 1 | N7: =COUNTIFS(DADOS!$V$2:$V$5001,TRUE,DADOS!$L$2:$L$5001,"<>AUTORIZADO") -> 0
B8: ="de "&COUNTIF(DADOS!$G$2:$G$5001,"?*")&" na base" -> de 953 na base | D8: ="média "&IFERROR(ROUND(SUMIFS(DADOS!$Q$2:$Q$5001,DADOS!$V$2:$V$5001,TRUE)/COUNTIF(DADOS!$V$2:$V$5001,TRUE),1),0)&" por CT-e" -> média 1,5 por CT-e | F8: ="CIF: R$ "&ROUND(SUMIFS(DADOS!$P$2:$P$5001,DADOS!$V$2:$V$5001,TRUE,DADOS!$J$2:$J$5001,"CIF"),0) -> CIF: R$ 1446 | H8: ="maior: R$ "&IFERROR(ROUND(MAXIFS(DADOS!$P$2:$P$5001,DADOS!$V$2:$V$5001,TRUE),0),0) -> maior: R$ 192 | J8: ="mín "&IFERROR(MINIFS(DADOS!$C$2:$C$5001,DADOS!$V$2:$V$5001,TRUE),"-")&" • máx "&IFERROR(MAXIFS(DADOS!$C$2:$C$5001,DADOS!$V$2:$V$5001,TRUE),"-") -> mín 8 • máx 12 | L8: =COUNTIFS(DADOS!$V$2:$V$5001,TRUE,DADOS!$L$2:$L$5001,"AUTORIZADO")&" autorizados" -> 11 autorizados | N8: ="erro: "&COUNTIFS(DADOS!$V$2:$V$5001,TRUE,DADOS!$L$2:$L$5001,"ERRO")&" • sem CT-e: "&COUNTIFS(DADOS!$V$2:$V$5001,TRUE,DADOS!$L$2:$L$5001,"SEM CT-E") -> erro: 0 • sem CT-e: 0
B9: Gráficos (respondem aos filtros acima)
B66: Detalhamento (respeita os filtros — use a busca para localizar ID, NF ou AWB)
B67: =IFERROR(__xludf.DUMMYFUNCTION("IFERROR(QUERY(DADOS!$A$1:$V$5001,""select Col1, Col7, Col8, Col9, Col4, Col5, Col6, Col10, Col2, Col3, Col17, Col16, Col12, Col11 where Col22 = true order by Col1 desc, Col4, Col7 limit 2000 label Col1 'Emissão', Col7 'ID Conhec.', Col8 'NF', Col9 'AWB', "&"Col4 'Destino', Col5 'Destinatário', Col6 'Remetente', Col10 'Tipo frete', Col2 'Prev. entrega', Col3 'Prazo (dias)', Col17 'Vol.', Col16 'Frete (R$)', Col12 'CT-e', Col11 'Célula'"",1),""Nenhum registro para os filtros selecionados"")"),"Emissão") -> Emissão | C67: =IFERROR(__xludf.DUMMYFUNCTION("""COMPUTED_VALUE"""),"ID Conhec.") -> ID Conhec. | D67: =IFERROR(__xludf.DUMMYFUNCTION("""COMPUTED_VALUE"""),"NF") -> NF | E67: =IFERROR(__xludf.DUMMYFUNCTION("""COMPUTED_VALUE"""),"AWB") -> AWB | F67: =IFERROR(__xludf.DUMMYFUNCTION("""COMPUTED_VALUE"""),"Destino") -> Destino | G67: =IFERROR(__xludf.DUMMYFUNCTION("""COMPUTED_VALUE"""),"Destinatário") -> Destinatário | H67: =IFERROR(__xludf.DUMMYFUNCTION("""COMPUTED_VALUE"""),"Remetente") -> Remetente | I67: =IFERROR(__xludf.DUMMYFUNCTION("""COMPUTED_VALUE"""),"Tipo frete") -> Tipo frete | J67: =IFERROR(__xludf.DUMMYFUNCTION("""COMPUTED_VALUE"""),"Prev. entrega") -> Prev. entrega | K67: =IFERROR(__xludf.DUMMYFUNCTION("""COMPUTED_VALUE"""),"Prazo (dias)") -> Prazo (dias) | L67: =IFERROR(__xludf.DUMMYFUNCTION("""COMPUTED_VALUE"""),"Vol.") -> Vol. | M67: =IFERROR(__xludf.DUMMYFUNCTION("""COMPUTED_VALUE"""),"Frete (R$)") -> Frete (R$) | N67: =IFERROR(__xludf.DUMMYFUNCTION("""COMPUTED_VALUE"""),"CT-e") -> CT-e | O67: =IFERROR(__xludf.DUMMYFUNCTION("""COMPUTED_VALUE"""),"Célula") -> Célula
B68: =IFERROR(__xludf.DUMMYFUNCTION("""COMPUTED_VALUE"""),46304.0) -> 46304 | C68: =IFERROR(__xludf.DUMMYFUNCTION("""COMPUTED_VALUE"""),"266834276") -> 266834276 | D68: =IFERROR(__xludf.DUMMYFUNCTION("""COMPUTED_VALUE"""),"107264") -> 107264 | E68: =IFERROR(__xludf.DUMMYFUNCTION("""COMPUTED_VALUE"""),"8177626") -> 8177626 | F68: =IFERROR(__xludf.DUMMYFUNCTION("""COMPUTED_VALUE"""),"ABS") -> ABS | G68: =IFERROR(__xludf.DUMMYFUNCTION("""COMPUTED_VALUE"""),"SAGARA INFORMATICA LTDA") -> SAGARA INFORMATICA LTDA | H68: =IFERROR(__xludf.DUMMYFUNCTION("""COMPUTED_VALUE"""),"DATEN TECNOLOGIA") -> DATEN TECNOLOGIA | I68: =IFERROR(__xludf.DUMMYFUNCTION("""COMPUTED_VALUE"""),"CIF") -> CIF | J68: =IFERROR(__xludf.DUMMYFUNCTION("""COMPUTED_VALUE"""),46321.0) -> 46321 | K68: =IFERROR(__xludf.DUMMYFUNCTION("""COMPUTED_VALUE"""),10.0) -> 10 | L68: =IFERROR(__xludf.DUMMYFUNCTION("""COMPUTED_VALUE"""),1.0) -> 1 | M68: =IFERROR(__xludf.DUMMYFUNCTION("""COMPUTED_VALUE"""),191.58) -> 191.58 | N68: =IFERROR(__xludf.DUMMYFUNCTION("""COMPUTED_VALUE"""),"AUTORIZADO") -> AUTORIZADO | O68: =IFERROR(__xludf.DUMMYFUNCTION("""COMPUTED_VALUE"""),"(sem célula)") -> (sem célula)
B69: =IFERROR(__xludf.DUMMYFUNCTION("""COMPUTED_VALUE"""),46304.0) -> 46304 | C69: =IFERROR(__xludf.DUMMYFUNCTION("""COMPUTED_VALUE"""),"266834274") -> 266834274 | D69: =IFERROR(__xludf.DUMMYFUNCTION("""COMPUTED_VALUE"""),"107262") -> 107262 | E69: =IFERROR(__xludf.DUMMYFUNCTION("""COMPUTED_VALUE"""),"8177617") -> 8177617 | F69: =IFERROR(__xludf.DUMMYFUNCTION("""COMPUTED_VALUE"""),"BAU") -> BAU | G69: =IFERROR(__xludf.DUMMYFUNCTION("""COMPUTED_VALUE"""),"M.F. INFORMATICA") -> M.F. INFORMATICA | H69: =IFERROR(__xludf.DUMMYFUNCTION("""COMPUTED_VALUE"""),"DATEN TECNOLOGIA") -> DATEN TECNOLOGIA | I69: =IFERROR(__xludf.DUMMYFUNCTION("""COMPUTED_VALUE"""),"CIF") -> CIF | J69: =IFERROR(__xludf.DUMMYFUNCTION("""COMPUTED_VALUE"""),46321.0) -> 46321 | K69: =IFERROR(__xludf.DUMMYFUNCTION("""COMPUTED_VALUE"""),10.0) -> 10 | L69: =IFERROR(__xludf.DUMMYFUNCTION("""COMPUTED_VALUE"""),2.0) -> 2 | M69: =IFERROR(__xludf.DUMMYFUNCTION("""COMPUTED_VALUE"""),127.64) -> 127.64 | N69: =IFERROR(__xludf.DUMMYFUNCTION("""COMPUTED_VALUE"""),"AUTORIZADO") -> AUTORIZADO | O69: =IFERROR(__xludf.DUMMYFUNCTION("""COMPUTED_VALUE"""),"(sem célula)") -> (sem célula)
B70: =IFERROR(__xludf.DUMMYFUNCTION("""COMPUTED_VALUE"""),46304.0) -> 46304 | C70: =IFERROR(__xludf.DUMMYFUNCTION("""COMPUTED_VALUE"""),"266834270") -> 266834270 | D70: =IFERROR(__xludf.DUMMYFUNCTION("""COMPUTED_VALUE"""),"107255, 107256, 107261") -> 107255, 107256, 107261 | E70: =IFERROR(__xludf.DUMMYFUNCTION("""COMPUTED_VALUE"""),"8177616") -> 8177616 | F70: =IFERROR(__xludf.DUMMYFUNCTION("""COMPUTED_VALUE"""),"BHZ") -> BHZ | G70: =IFERROR(__xludf.DUMMYFUNCTION("""COMPUTED_VALUE"""),"MOISEIS DA FONSECA LOPES 03704723657") -> MOISEIS DA FONSECA LOPES 03704723657 | H70: =IFERROR(__xludf.DUMMYFUNCTION("""COMPUTED_VALUE"""),"DATEN TECNOLOGIA") -> DATEN TECNOLOGIA | I70: =IFERROR(__xludf.DUMMYFUNCTION("""COMPUTED_VALUE"""),"CIF") -> CIF | J70: =IFERROR(__xludf.DUMMYFUNCTION("""COMPUTED_VALUE"""),46321.0) -> 46321 | K70: =IFERROR(__xludf.DUMMYFUNCTION("""COMPUTED_VALUE"""),10.0) -> 10 | L70: =IFERROR(__xludf.DUMMYFUNCTION("""COMPUTED_VALUE"""),2.0) -> 2 | M70: =IFERROR(__xludf.DUMMYFUNCTION("""COMPUTED_VALUE"""),118.41) -> 118.41 | N70: =IFERROR(__xludf.DUMMYFUNCTION("""COMPUTED_VALUE"""),"AUTORIZADO") -> AUTORIZADO | O70: =IFERROR(__xludf.DUMMYFUNCTION("""COMPUTED_VALUE"""),"(sem célula)") -> (sem célula)
B71: =IFERROR(__xludf.DUMMYFUNCTION("""COMPUTED_VALUE"""),46304.0) -> 46304 | C71: =IFERROR(__xludf.DUMMYFUNCTION("""COMPUTED_VALUE"""),"266834268") -> 266834268 | D71: =IFERROR(__xludf.DUMMYFUNCTION("""COMPUTED_VALUE"""),"107254, 107258") -> 107254, 107258 | E71: =IFERROR(__xludf.DUMMYFUNCTION("""COMPUTED_VALUE"""),"8177622") -> 8177622 | F71: =IFERROR(__xludf.DUMMYFUNCTION("""COMPUTED_VALUE"""),"BSB") -> BSB | G71: =IFERROR(__xludf.DUMMYFUNCTION("""COMPUTED_VALUE"""),"FERNANDO JOSE FERNANDES FILHO 0066122988") -> FERNANDO JOSE FERNANDES FILHO 0066122988 | H71: =IFERROR(__xludf.DUMMYFUNCTION("""COMPUTED_VALUE"""),"DATEN TECNOLOGIA") -> DATEN TECNOLOGIA | I71: =IFERROR(__xludf.DUMMYFUNCTION("""COMPUTED_VALUE"""),"CIF") -> CIF | J71: =IFERROR(__xludf.DUMMYFUNCTION("""COMPUTED_VALUE"""),46321.0) -> 46321 | K71: =IFERROR(__xludf.DUMMYFUNCTION("""COMPUTED_VALUE"""),10.0) -> 10 | L71: =IFERROR(__xludf.DUMMYFUNCTION("""COMPUTED_VALUE"""),1.0) -> 1 | M71: =IFERROR(__xludf.DUMMYFUNCTION("""COMPUTED_VALUE"""),122.47) -> 122.47 | N71: =IFERROR(__xludf.DUMMYFUNCTION("""COMPUTED_VALUE"""),"AUTORIZADO") -> AUTORIZADO | O71: =IFERROR(__xludf.DUMMYFUNCTION("""COMPUTED_VALUE"""),"(sem célula)") -> (sem célula)
B72: =IFERROR(__xludf.DUMMYFUNCTION("""COMPUTED_VALUE"""),46304.0) -> 46304 | C72: =IFERROR(__xludf.DUMMYFUNCTION("""COMPUTED_VALUE"""),"266834265") -> 266834265 | D72: =IFERROR(__xludf.DUMMYFUNCTION("""COMPUTED_VALUE"""),"107277") -> 107277 | E72: =IFERROR(__xludf.DUMMYFUNCTION("""COMPUTED_VALUE"""),"8177620") -> 8177620 | F72: =IFERROR(__xludf.DUMMYFUNCTION("""COMPUTED_VALUE"""),"BUQ") -> BUQ | G72: =IFERROR(__xludf.DUMMYFUNCTION("""COMPUTED_VALUE"""),"MCE MONTAGEM") -> MCE MONTAGEM | H72: =IFERROR(__xludf.DUMMYFUNCTION("""COMPUTED_VALUE"""),"DATEN TECNOLOGIA") -> DATEN TECNOLOGIA | I72: =IFERROR(__xludf.DUMMYFUNCTION("""COMPUTED_VALUE"""),"CIF") -> CIF | J72: =IFERROR(__xludf.DUMMYFUNCTION("""COMPUTED_VALUE"""),46323.0) -> 46323 | K72: =IFERROR(__xludf.DUMMYFUNCTION("""COMPUTED_VALUE"""),12.0) -> 12 | L72: =IFERROR(__xludf.DUMMYFUNCTION("""COMPUTED_VALUE"""),1.0) -> 1 | M72: =IFERROR(__xludf.DUMMYFUNCTION("""COMPUTED_VALUE"""),155.51) -> 155.51 | N72: =IFERROR(__xludf.DUMMYFUNCTION("""COMPUTED_VALUE"""),"AUTORIZADO") -> AUTORIZADO | O72: =IFERROR(__xludf.DUMMYFUNCTION("""COMPUTED_VALUE"""),"FSA-1") -> FSA-1
B73: =IFERROR(__xludf.DUMMYFUNCTION("""COMPUTED_VALUE"""),46304.0) -> 46304 | C73: =IFERROR(__xludf.DUMMYFUNCTION("""COMPUTED_VALUE"""),"266834273") -> 266834273 | D73: =IFERROR(__xludf.DUMMYFUNCTION("""COMPUTED_VALUE"""),"107259") -> 107259 | E73: =IFERROR(__xludf.DUMMYFUNCTION("""COMPUTED_VALUE"""),"8177624") -> 8177624 | F73: =IFERROR(__xludf.DUMMYFUNCTION("""COMPUTED_VALUE"""),"FSA") -> FSA | G73: =IFERROR(__xludf.DUMMYFUNCTION("""COMPUTED_VALUE"""),"KONTTATO INFORMATICA LTDA") -> KONTTATO INFORMATICA LTDA | H73: =IFERROR(__xludf.DUMMYFUNCTION("""COMPUTED_VALUE"""),"DATEN TECNOLOGIA") -> DATEN TECNOLOGIA | I73: =IFERROR(__xludf.DUMMYFUNCTION("""COMPUTED_VALUE"""),"CIF") -> CIF | J73: =IFERROR(__xludf.DUMMYFUNCTION("""COMPUTED_VALUE"""),46317.0) -> 46317 | K73: =IFERROR(__xludf.DUMMYFUNCTION("""COMPUTED_VALUE"""),8.0) -> 8 | L73: =IFERROR(__xludf.DUMMYFUNCTION("""COMPUTED_VALUE"""),1.0) -> 1 | M73: =IFERROR(__xludf.DUMMYFUNCTION("""COMPUTED_VALUE"""),131.21) -> 131.21 | N73: =IFERROR(__xludf.DUMMYFUNCTION("""COMPUTED_VALUE"""),"AUTORIZADO") -> AUTORIZADO | O73: =IFERROR(__xludf.DUMMYFUNCTION("""COMPUTED_VALUE"""),"(sem célula)") -> (sem célula)
B74: =IFERROR(__xludf.DUMMYFUNCTION("""COMPUTED_VALUE"""),46304.0) -> 46304 | C74: =IFERROR(__xludf.DUMMYFUNCTION("""COMPUTED_VALUE"""),"266834263") -> 266834263 | D74: =IFERROR(__xludf.DUMMYFUNCTION("""COMPUTED_VALUE"""),"107278") -> 107278 | E74: =IFERROR(__xludf.DUMMYFUNCTION("""COMPUTED_VALUE"""),"8177619") -> 8177619 | F74: =IFERROR(__xludf.DUMMYFUNCTION("""COMPUTED_VALUE"""),"ITJ") -> ITJ | G74: =IFERROR(__xludf.DUMMYFUNCTION("""COMPUTED_VALUE"""),"EDSON PLINIO") -> EDSON PLINIO | H74: =IFERROR(__xludf.DUMMYFUNCTION("""COMPUTED_VALUE"""),"DATEN TECNOLOGIA") -> DATEN TECNOLOGIA | I74: =IFERROR(__xludf.DUMMYFUNCTION("""COMPUTED_VALUE"""),"CIF") -> CIF | J74: =IFERROR(__xludf.DUMMYFUNCTION("""COMPUTED_VALUE"""),46322.0) -> 46322 | K74: =IFERROR(__xludf.DUMMYFUNCTION("""COMPUTED_VALUE"""),11.0) -> 11 | L74: =IFERROR(__xludf.DUMMYFUNCTION("""COMPUTED_VALUE"""),1.0) -> 1 | M74: =IFERROR(__xludf.DUMMYFUNCTION("""COMPUTED_VALUE"""),139.21) -> 139.21 | N74: =IFERROR(__xludf.DUMMYFUNCTION("""COMPUTED_VALUE"""),"AUTORIZADO") -> AUTORIZADO | O74: =IFERROR(__xludf.DUMMYFUNCTION("""COMPUTED_VALUE"""),"FSA-1") -> FSA-1
B75: =IFERROR(__xludf.DUMMYFUNCTION("""COMPUTED_VALUE"""),46304.0) -> 46304 | C75: =IFERROR(__xludf.DUMMYFUNCTION("""COMPUTED_VALUE"""),"266834267") -> 266834267 | D75: =IFERROR(__xludf.DUMMYFUNCTION("""COMPUTED_VALUE"""),"107225, 107253, 107260") -> 107225, 107253, 107260 | E75: =IFERROR(__xludf.DUMMYFUNCTION("""COMPUTED_VALUE"""),"8177621") -> 8177621 | F75: =IFERROR(__xludf.DUMMYFUNCTION("""COMPUTED_VALUE"""),"MCZ") -> MCZ | G75: =IFERROR(__xludf.DUMMYFUNCTION("""COMPUTED_VALUE"""),"COMPUAL INFORMATICA") -> COMPUAL INFORMATICA | H75: =IFERROR(__xludf.DUMMYFUNCTION("""COMPUTED_VALUE"""),"DATEN TECNOLOGIA") -> DATEN TECNOLOGIA | I75: =IFERROR(__xludf.DUMMYFUNCTION("""COMPUTED_VALUE"""),"CIF") -> CIF | J75: =IFERROR(__xludf.DUMMYFUNCTION("""COMPUTED_VALUE"""),46318.0) -> 46318 | K75: =IFERROR(__xludf.DUMMYFUNCTION("""COMPUTED_VALUE"""),9.0) -> 9 | L75: =IFERROR(__xludf.DUMMYFUNCTION("""COMPUTED_VALUE"""),3.0) -> 3 | M75: =IFERROR(__xludf.DUMMYFUNCTION("""COMPUTED_VALUE"""),85.87) -> 85.87 | N75: =IFERROR(__xludf.DUMMYFUNCTION("""COMPUTED_VALUE"""),"AUTORIZADO") -> AUTORIZADO | O75: =IFERROR(__xludf.DUMMYFUNCTION("""COMPUTED_VALUE"""),"FSA-1") -> FSA-1
B76: =IFERROR(__xludf.DUMMYFUNCTION("""COMPUTED_VALUE"""),46304.0) -> 46304 | C76: =IFERROR(__xludf.DUMMYFUNCTION("""COMPUTED_VALUE"""),"266834266") -> 266834266 | D76: =IFERROR(__xludf.DUMMYFUNCTION("""COMPUTED_VALUE"""),"107242, 107275") -> 107242, 107275 | E76: =IFERROR(__xludf.DUMMYFUNCTION("""COMPUTED_VALUE"""),"8177615") -> 8177615 | F76: =IFERROR(__xludf.DUMMYFUNCTION("""COMPUTED_VALUE"""),"NAT") -> NAT | G76: =IFERROR(__xludf.DUMMYFUNCTION("""COMPUTED_VALUE"""),"W SERVICOS E ASSIST TEC INFORM LTDA") -> W SERVICOS E ASSIST TEC INFORM LTDA | H76: =IFERROR(__xludf.DUMMYFUNCTION("""COMPUTED_VALUE"""),"DATEN TECNOLOGIA") -> DATEN TECNOLOGIA | I76: =IFERROR(__xludf.DUMMYFUNCTION("""COMPUTED_VALUE"""),"CIF") -> CIF | J76: =IFERROR(__xludf.DUMMYFUNCTION("""COMPUTED_VALUE"""),46318.0) -> 46318 | K76: =IFERROR(__xludf.DUMMYFUNCTION("""COMPUTED_VALUE"""),9.0) -> 9 | L76: =IFERROR(__xludf.DUMMYFUNCTION("""COMPUTED_VALUE"""),2.0) -> 2 | M76: =IFERROR(__xludf.DUMMYFUNCTION("""COMPUTED_VALUE"""),96.56) -> 96.56 | N76: =IFERROR(__xludf.DUMMYFUNCTION("""COMPUTED_VALUE"""),"AUTORIZADO") -> AUTORIZADO | O76: =IFERROR(__xludf.DUMMYFUNCTION("""COMPUTED_VALUE"""),"FSA-1") -> FSA-1
B77: =IFERROR(__xludf.DUMMYFUNCTION("""COMPUTED_VALUE"""),46304.0) -> 46304 | C77: =IFERROR(__xludf.DUMMYFUNCTION("""COMPUTED_VALUE"""),"266834275") -> 266834275 | D77: =IFERROR(__xludf.DUMMYFUNCTION("""COMPUTED_VALUE"""),"107263") -> 107263 | E77: =IFERROR(__xludf.DUMMYFUNCTION("""COMPUTED_VALUE"""),"8177625") -> 8177625 | F77: =IFERROR(__xludf.DUMMYFUNCTION("""COMPUTED_VALUE"""),"REC") -> REC | G77: =IFERROR(__xludf.DUMMYFUNCTION("""COMPUTED_VALUE"""),"LUCAS RAMOS SILVA DE OLIVEIRA") -> LUCAS RAMOS SILVA DE OLIVEIRA | H77: =IFERROR(__xludf.DUMMYFUNCTION("""COMPUTED_VALUE"""),"DATEN TECNOLOGIA") -> DATEN TECNOLOGIA | I77: =IFERROR(__xludf.DUMMYFUNCTION("""COMPUTED_VALUE"""),"CIF") -> CIF | J77: =IFERROR(__xludf.DUMMYFUNCTION("""COMPUTED_VALUE"""),46318.0) -> 46318 | K77: =IFERROR(__xludf.DUMMYFUNCTION("""COMPUTED_VALUE"""),9.0) -> 9 | L77: =IFERROR(__xludf.DUMMYFUNCTION("""COMPUTED_VALUE"""),1.0) -> 1 | M77: =IFERROR(__xludf.DUMMYFUNCTION("""COMPUTED_VALUE"""),173.6) -> 173.6 | N77: =IFERROR(__xludf.DUMMYFUNCTION("""COMPUTED_VALUE"""),"AUTORIZADO") -> AUTORIZADO | O77: =IFERROR(__xludf.DUMMYFUNCTION("""COMPUTED_VALUE"""),"FSA-1") -> FSA-1
B78: =IFERROR(__xludf.DUMMYFUNCTION("""COMPUTED_VALUE"""),46304.0) -> 46304 | C78: =IFERROR(__xludf.DUMMYFUNCTION("""COMPUTED_VALUE"""),"266834271") -> 266834271 | D78: =IFERROR(__xludf.DUMMYFUNCTION("""COMPUTED_VALUE"""),"107257") -> 107257 | E78: =IFERROR(__xludf.DUMMYFUNCTION("""COMPUTED_VALUE"""),"8177623") -> 8177623 | F78: =IFERROR(__xludf.DUMMYFUNCTION("""COMPUTED_VALUE"""),"RIO") -> RIO | G78: =IFERROR(__xludf.DUMMYFUNCTION("""COMPUTED_VALUE"""),"PRO 200 INFORMATICA LTDA") -> PRO 200 INFORMATICA LTDA | H78: =IFERROR(__xludf.DUMMYFUNCTION("""COMPUTED_VALUE"""),"DATEN TECNOLOGIA") -> DATEN TECNOLOGIA | I78: =IFERROR(__xludf.DUMMYFUNCTION("""COMPUTED_VALUE"""),"CIF") -> CIF | J78: =IFERROR(__xludf.DUMMYFUNCTION("""COMPUTED_VALUE"""),46321.0) -> 46321 | K78: =IFERROR(__xludf.DUMMYFUNCTION("""COMPUTED_VALUE"""),10.0) -> 10 | L78: =IFERROR(__xludf.DUMMYFUNCTION("""COMPUTED_VALUE"""),1.0) -> 1 | M78: =IFERROR(__xludf.DUMMYFUNCTION("""COMPUTED_VALUE"""),103.77) -> 103.77 | N78: =IFERROR(__xludf.DUMMYFUNCTION("""COMPUTED_VALUE"""),"AUTORIZADO") -> AUTORIZADO | O78: =IFERROR(__xludf.DUMMYFUNCTION("""COMPUTED_VALUE"""),"(sem célula)") -> (sem célula)

Sheet DESTINOS
A1: Prazo e volume por destino
A2: Respeita todos os filtros da aba DASH. Prazo em dias, conforme o sistema.
A4: =IFERROR(__xludf.DUMMYFUNCTION("IFERROR(QUERY(DADOS!$A$1:$V$5001,""select Col4, count(Col7), sum(Col17), sum(Col16), avg(Col3), min(Col3), max(Col3) where Col22 = true and Col4 <> '' group by Col4 order by count(Col7) desc, Col4 label Col4 'Destino', count(Col7) 'CT-es', sum(Col17) 'Vol"&"umes', sum(Col16) 'Frete (R$)', avg(Col3) 'Prazo médio (dias)', min(Col3) 'Prazo mín.', max(Col3) 'Prazo máx.'"",1),""Nenhum registro"")"),"Destino") -> Destino | B4: =IFERROR(__xludf.DUMMYFUNCTION("""COMPUTED_VALUE"""),"CT-es") -> CT-es | C4: =IFERROR(__xludf.DUMMYFUNCTION("""COMPUTED_VALUE"""),"Volumes") -> Volumes | D4: =IFERROR(__xludf.DUMMYFUNCTION("""COMPUTED_VALUE"""),"Frete (R$)") -> Frete (R$) | E4: =IFERROR(__xludf.DUMMYFUNCTION("""COMPUTED_VALUE"""),"Prazo médio (dias)") -> Prazo médio (dias) | F4: =IFERROR(__xludf.DUMMYFUNCTION("""COMPUTED_VALUE"""),"Prazo mín.") -> Prazo mín. | G4: =IFERROR(__xludf.DUMMYFUNCTION("""COMPUTED_VALUE"""),"Prazo máx.") -> Prazo máx.
A5: =IFERROR(__xludf.DUMMYFUNCTION("""COMPUTED_VALUE"""),"ABS") -> ABS | B5: =IFERROR(__xludf.DUMMYFUNCTION("""COMPUTED_VALUE"""),1.0) -> 1 | C5: =IFERROR(__xludf.DUMMYFUNCTION("""COMPUTED_VALUE"""),1.0) -> 1 | D5: =IFERROR(__xludf.DUMMYFUNCTION("""COMPUTED_VALUE"""),191.58) -> 191.58 | E5: =IFERROR(__xludf.DUMMYFUNCTION("""COMPUTED_VALUE"""),10.0) -> 10 | F5: =IFERROR(__xludf.DUMMYFUNCTION("""COMPUTED_VALUE"""),10.0) -> 10 | G5: =IFERROR(__xludf.DUMMYFUNCTION("""COMPUTED_VALUE"""),10.0) -> 10
A6: =IFERROR(__xludf.DUMMYFUNCTION("""COMPUTED_VALUE"""),"BAU") -> BAU | B6: =IFERROR(__xludf.DUMMYFUNCTION("""COMPUTED_VALUE"""),1.0) -> 1 | C6: =IFERROR(__xludf.DUMMYFUNCTION("""COMPUTED_VALUE"""),2.0) -> 2 | D6: =IFERROR(__xludf.DUMMYFUNCTION("""COMPUTED_VALUE"""),127.64) -> 127.64 | E6: =IFERROR(__xludf.DUMMYFUNCTION("""COMPUTED_VALUE"""),10.0) -> 10 | F6: =IFERROR(__xludf.DUMMYFUNCTION("""COMPUTED_VALUE"""),10.0) -> 10 | G6: =IFERROR(__xludf.DUMMYFUNCTION("""COMPUTED_VALUE"""),10.0) -> 10
A7: =IFERROR(__xludf.DUMMYFUNCTION("""COMPUTED_VALUE"""),"BHZ") -> BHZ | B7: =IFERROR(__xludf.DUMMYFUNCTION("""COMPUTED_VALUE"""),1.0) -> 1 | C7: =IFERROR(__xludf.DUMMYFUNCTION("""COMPUTED_VALUE"""),2.0) -> 2 | D7: =IFERROR(__xludf.DUMMYFUNCTION("""COMPUTED_VALUE"""),118.41) -> 118.41 | E7: =IFERROR(__xludf.DUMMYFUNCTION("""COMPUTED_VALUE"""),10.0) -> 10 | F7: =IFERROR(__xludf.DUMMYFUNCTION("""COMPUTED_VALUE"""),10.0) -> 10 | G7: =IFERROR(__xludf.DUMMYFUNCTION("""COMPUTED_VALUE"""),10.0) -> 10
A8: =IFERROR(__xludf.DUMMYFUNCTION("""COMPUTED_VALUE"""),"BSB") -> BSB | B8: =IFERROR(__xludf.DUMMYFUNCTION("""COMPUTED_VALUE"""),1.0) -> 1 | C8: =IFERROR(__xludf.DUMMYFUNCTION("""COMPUTED_VALUE"""),1.0) -> 1 | D8: =IFERROR(__xludf.DUMMYFUNCTION("""COMPUTED_VALUE"""),122.47) -> 122.47 | E8: =IFERROR(__xludf.DUMMYFUNCTION("""COMPUTED_VALUE"""),10.0) -> 10 | F8: =IFERROR(__xludf.DUMMYFUNCTION("""COMPUTED_VALUE"""),10.0) -> 10 | G8: =IFERROR(__xludf.DUMMYFUNCTION("""COMPUTED_VALUE"""),10.0) -> 10
A9: =IFERROR(__xludf.DUMMYFUNCTION("""COMPUTED_VALUE"""),"BUQ") -> BUQ | B9: =IFERROR(__xludf.DUMMYFUNCTION("""COMPUTED_VALUE"""),1.0) -> 1 | C9: =IFERROR(__xludf.DUMMYFUNCTION("""COMPUTED_VALUE"""),1.0) -> 1 | D9: =IFERROR(__xludf.DUMMYFUNCTION("""COMPUTED_VALUE"""),155.51) -> 155.51 | E9: =IFERROR(__xludf.DUMMYFUNCTION("""COMPUTED_VALUE"""),12.0) -> 12 | F9: =IFERROR(__xludf.DUMMYFUNCTION("""COMPUTED_VALUE"""),12.0) -> 12 | G9: =IFERROR(__xludf.DUMMYFUNCTION("""COMPUTED_VALUE"""),12.0) -> 12
A10: =IFERROR(__xludf.DUMMYFUNCTION("""COMPUTED_VALUE"""),"FSA") -> FSA | B10: =IFERROR(__xludf.DUMMYFUNCTION("""COMPUTED_VALUE"""),1.0) -> 1 | C10: =IFERROR(__xludf.DUMMYFUNCTION("""COMPUTED_VALUE"""),1.0) -> 1 | D10: =IFERROR(__xludf.DUMMYFUNCTION("""COMPUTED_VALUE"""),131.21) -> 131.21 | E10: =IFERROR(__xludf.DUMMYFUNCTION("""COMPUTED_VALUE"""),8.0) -> 8 | F10: =IFERROR(__xludf.DUMMYFUNCTION("""COMPUTED_VALUE"""),8.0) -> 8 | G10: =IFERROR(__xludf.DUMMYFUNCTION("""COMPUTED_VALUE"""),8.0) -> 8
A11: =IFERROR(__xludf.DUMMYFUNCTION("""COMPUTED_VALUE"""),"ITJ") -> ITJ | B11: =IFERROR(__xludf.DUMMYFUNCTION("""COMPUTED_VALUE"""),1.0) -> 1 | C11: =IFERROR(__xludf.DUMMYFUNCTION("""COMPUTED_VALUE"""),1.0) -> 1 | D11: =IFERROR(__xludf.DUMMYFUNCTION("""COMPUTED_VALUE"""),139.21) -> 139.21 | E11: =IFERROR(__xludf.DUMMYFUNCTION("""COMPUTED_VALUE"""),11.0) -> 11 | F11: =IFERROR(__xludf.DUMMYFUNCTION("""COMPUTED_VALUE"""),11.0) -> 11 | G11: =IFERROR(__xludf.DUMMYFUNCTION("""COMPUTED_VALUE"""),11.0) -> 11
A12: =IFERROR(__xludf.DUMMYFUNCTION("""COMPUTED_VALUE"""),"MCZ") -> MCZ | B12: =IFERROR(__xludf.DUMMYFUNCTION("""COMPUTED_VALUE"""),1.0) -> 1 | C12: =IFERROR(__xludf.DUMMYFUNCTION("""COMPUTED_VALUE"""),3.0) -> 3 | D12: =IFERROR(__xludf.DUMMYFUNCTION("""COMPUTED_VALUE"""),85.87) -> 85.87 | E12: =IFERROR(__xludf.DUMMYFUNCTION("""COMPUTED_VALUE"""),9.0) -> 9 | F12: =IFERROR(__xludf.DUMMYFUNCTION("""COMPUTED_VALUE"""),9.0) -> 9 | G12: =IFERROR(__xludf.DUMMYFUNCTION("""COMPUTED_VALUE"""),9.0) -> 9
A13: =IFERROR(__xludf.DUMMYFUNCTION("""COMPUTED_VALUE"""),"NAT") -> NAT | B13: =IFERROR(__xludf.DUMMYFUNCTION("""COMPUTED_VALUE"""),1.0) -> 1 | C13: =IFERROR(__xludf.DUMMYFUNCTION("""COMPUTED_VALUE"""),2.0) -> 2 | D13: =IFERROR(__xludf.DUMMYFUNCTION("""COMPUTED_VALUE"""),96.56) -> 96.56 | E13: =IFERROR(__xludf.DUMMYFUNCTION("""COMPUTED_VALUE"""),9.0) -> 9 | F13: =IFERROR(__xludf.DUMMYFUNCTION("""COMPUTED_VALUE"""),9.0) -> 9 | G13: =IFERROR(__xludf.DUMMYFUNCTION("""COMPUTED_VALUE"""),9.0) -> 9
A14: =IFERROR(__xludf.DUMMYFUNCTION("""COMPUTED_VALUE"""),"REC") -> REC | B14: =IFERROR(__xludf.DUMMYFUNCTION("""COMPUTED_VALUE"""),1.0) -> 1 | C14: =IFERROR(__xludf.DUMMYFUNCTION("""COMPUTED_VALUE"""),1.0) -> 1 | D14: =IFERROR(__xludf.DUMMYFUNCTION("""COMPUTED_VALUE"""),173.6) -> 173.6 | E14: =IFERROR(__xludf.DUMMYFUNCTION("""COMPUTED_VALUE"""),9.0) -> 9 | F14: =IFERROR(__xludf.DUMMYFUNCTION("""COMPUTED_VALUE"""),9.0) -> 9 | G14: =IFERROR(__xludf.DUMMYFUNCTION("""COMPUTED_VALUE"""),9.0) -> 9
A15: =IFERROR(__xludf.DUMMYFUNCTION("""COMPUTED_VALUE"""),"RIO") -> RIO | B15: =IFERROR(__xludf.DUMMYFUNCTION("""COMPUTED_VALUE"""),1.0) -> 1 | C15: =IFERROR(__xludf.DUMMYFUNCTION("""COMPUTED_VALUE"""),1.0) -> 1 | D15: =IFERROR(__xludf.DUMMYFUNCTION("""COMPUTED_VALUE"""),103.77) -> 103.77 | E15: =IFERROR(__xludf.DUMMYFUNCTION("""COMPUTED_VALUE"""),10.0) -> 10 | F15: =IFERROR(__xludf.DUMMYFUNCTION("""COMPUTED_VALUE"""),10.0) -> 10 | G15: =IFERROR(__xludf.DUMMYFUNCTION("""COMPUTED_VALUE"""),10.0) -> 10

Sheet BASE
A1: Modal | B1: STATUS | C1: Status Desc | D1: CT-e | E1: StatusCT-e | F1: PRAZO | G1: ORIG | H1: DEST | I1: AWB | J1: ID Conhec | K1: DATA | L1: DT. PREV. ENTREGA | M1: PRAZO CORRIGIDO | N1: RT.ENTREGA | O1: PRAZO | P1: REVERSA | Q1: DATA ULT. OCOR. | R1: CÉLULA | S1: TIPO FRETE | T1: Estrelado | U1: Pago | V1: VALOR DO FRETE | W1: VOL. | X1: REMETENTE | Y1: DESTINATARIO | Z1: CONSIGNATARIO | AA1: NOTAS | AB1: Filial - Agrupador | AC1: Categoria de Embarque (EDI)
A2: RODO | B2: 6 | C2: NA ORIGEM | D2: N | F2: Antes Prazo | G2: ITN | H2: ITN | I2: 946 | J2: 266801541 | K2: 46304 | L2: 46314 | N2: 1 | O2: 5 | P2: N | S2: CIF | T2: N | U2: N | V2: 34.87 | W2: 3 | X2: TRIFIL | Y2: JAM E JÚ CINQUENTENARIO | AA2: 1302858 | AC2: B2B
A3: RODO | B3: 6 | C3: NA ORIGEM | D3: N | F3: Antes Prazo | G3: ITN | H3: SAO | I3: 8176609 | J3: 266801850 | K3: 46304 | L3: 46316 | N3: 34 | O3: 7 | P3: N | R3: SAO-1 | S3: CSG | T3: N | U3: N | V3: 1 | W3: 1 | X3: TRIFIL | Y3: ACHE LABORATORIOS FARMACEUTICOS SA | AA3: 70000284
A4: RODO | B4: 6 | C4: NA ORIGEM | D4: S | E4: AUTORIZADO | F4: Antes Prazo | G4: ITN | H4: ATB | I4: 8177101 | J4: 266802183 | K4: 46304 | L4: 46317 | N4: 103 | O4: 8 | P4: N | R4: SAO-1 | S4: CIF | T4: N | U4: N | V4: 38.46 | W4: 3 | X4: TRIFIL | Y4: LOJAS EDLOPES | AA4: 1306031 | AC4: B2B
A5: RODO | B5: 6 | C5: NA ORIGEM | D5: S | E5: AUTORIZADO | F5: Antes Prazo | G5: ITN | H5: MMG | I5: 8177082 | J5: 266802184 | K5: 46304 | L5: 46317 | N5: 40 | O5: 8 | P5: N | R5: SAO-1 | S5: CIF | T5: N | U5: N | V5: 38.46 | W5: 2 | X5: TRIFIL | Y5: BELLAS MEIAS E LINGERIES LTDA | AA5: 1305597 | AC5: B2B
A6: RODO | B6: 6 | C6: NA ORIGEM | D6: S | E6: AUTORIZADO | F6: Antes Prazo | G6: ITN | H6: SJP | I6: 8177106 | J6: 266802185 | K6: 46304 | L6: 46317 | N6: 101 | O6: 8 | P6: N | R6: SAO-1 | S6: CIF | T6: N | U6: N | V6: 136.07 | W6: 37 | X6: TRIFIL | Y6: VIVIANE REBECA DE FREITAS FIRME | AA6: 1306021 | AC6: B2B
A7: RODO | B7: 6 | C7: NA ORIGEM | D7: S | E7: AUTORIZADO | F7: Antes Prazo | G7: ITN | H7: AQA | I7: 8177107 | J7: 266802186 | K7: 46304 | L7: 46316 | N7: 2 | O7: 7 | P7: N | R7: SAO-1 | S7: CIF | T7: N | U7: N | V7: 310.68 | W7: 56 | X7: TRIFIL | Y7: LOJAS LUPO | AA7: 1304628 | AC7: B2B
A8: RODO | B8: 6 | C8: NA ORIGEM | D8: S | E8: AUTORIZADO | F8: Antes Prazo | G8: ITN | H8: SOD | I8: 8177083 | J8: 266802187 | K8: 46304 | L8: 46323 | N8: 107 | O8: 12 | P8: N | R8: SAO-1 | S8: CIF | T8: N | U8: N | V8: 38.46 | W8: 3 | X8: TRIFIL | Y8: MASTHER VARIEDADES LTDA | AA8: 1305607 | AC8: B2B
A9: RODO | B9: 6 | C9: NA ORIGEM | D9: S | E9: AUTORIZADO | F9: Antes Prazo | G9: ITN | H9: SOD | I9: 8177084 | J9: 266802188 | K9: 46304 | L9: 46317 | N9: 104 | O9: 8 | P9: N | R9: SAO-1 | S9: CIF | T9: N | U9: N | V9: 38.46 | W9: 2 | X9: TRIFIL | Y9: MILENE PEDROSO FAVARO ME | AA9: 1305858 | AC9: B2B
A10: RODO | B10: 6 | C10: NA ORIGEM | D10: S | E10: AUTORIZADO | F10: Antes Prazo | G10: ITN | H10: RIO | I10: 8177078 | J10: 266802189 | K10: 46304 | L10: 46316 | N10: 62 | O10: 7 | P10: N | S10: CIF | T10: N | U10: N | V10: 69.49 | W10: 1 | X10: TRIFIL | Y10: H. V. MODAS LTDA - ME | AA10: 1305850 | AC10: B2B
A11: RODO | B11: 6 | C11: NA ORIGEM | D11: S | E11: AUTORIZADO | F11: Antes Prazo | G11: ITN | H11: BHZ | I11: 8177085 | J11: 266802190 | K11: 46304 | L11: 46316 | N11: 2 | O11: 7 | P11: N | S11: CIF | T11: N | U11: N | V11: 66.52 | W11: 7 | X11: TRIFIL | Y11: LUPO | AA11: 1305803 | AC11: B2B
A12: RODO | B12: 6 | C12: NA ORIGEM | D12: S | E12: AUTORIZADO | F12: Antes Prazo | G12: ITN | H12: BCG | I12: 8177102 | J12: 266802191 | K12: 46304 | L12: 46318 | N12: 127 | O12: 9 | P12: N | S12: CIF | T12: N | U12: N | V12: 51.62 | W12: 5 | X12: TRIFIL | Y12: MARIA DALVA FERREIRA DOS SANTOS | AA12: 1306008 | AC12: B2B
A13: RODO | B13: 6 | C13: NA ORIGEM | D13: S | E13: AUTORIZADO | F13: Antes Prazo | G13: ITN | H13: JDF | I13: 8177103 | J13: 266802192 | K13: 46304 | L13: 46322 | N13: 103 | O13: 11 | P13: N | S13: CIF | T13: N | U13: N | V13: 49.43 | W13: 2 | X13: TRIFIL | Y13: ELENICE GOMES E CIA | AA13: 1306003 | AC13: B2B
A14: RODO | B14: 6 | C14: NA ORIGEM | D14: S | E14: AUTORIZADO | F14: Antes Prazo | G14: ITN | H14: VAG | I14: 8177104 | J14: 266802193 | K14: 46304 | L14: 46321 | N14: 102 | O14: 10 | P14: N | S14: CIF | T14: N | U14: N | V14: 61.68 | W14: 8 | X14: TRIFIL | Y14: JO MODAS LTDA ME - 2031 1 9 | AA14: 1306020 | AC14: B2B
A15: RODO | B15: 6 | C15: NA ORIGEM | D15: S | E15: AUTORIZADO | F15: Antes Prazo | G15: ITN | H15: MOC | I15: 8177086 | J15: 266802195 | K15: 46304 | L15: 46322 | N15: 102 | O15: 11 | P15: N | S15: CIF | T15: N | U15: N | V15: 49.43 | W15: 2 | X15: TRIFIL | Y15: LIDIANE ANTUNES DE OLIVEIRA | AA15: 1305622 | AC15: B2B
A16: RODO | B16: 6 | C16: NA ORIGEM | D16: S | E16: AUTORIZADO | F16: Antes Prazo | G16: ITN | H16: FSA | I16: 8177087 | J16: 266802197 | K16: 46304 | L16: 46323 | N16: 217 | O16: 12 | P16: N | S16: CIF | T16: N | U16: N | V16: 37.78 | W16: 1 | X16: TRIFIL | Y16: MARIA IZABEL DA COSTA MATOS - ME | AA16: 1305600 | AC16: B2B
A17: RODO | B17: 6 | C17: NA ORIGEM | D17: S | E17: AUTORIZADO | F17: Antes Prazo | G17: ITN | H17: REC | I17: 8177088 | J17: 266802204 | K17: 46304 | L17: 46321 | N17: 108 | O17: 10 | P17: N | R17: FSA-1 | S17: CIF | T17: N | U17: N | V17: 63.12 | W17: 2 | X17: TRIFIL | Y17: MAGALY MALHAS LTDA-ME. | AA17: 1305857 | AC17: B2B
A18: RODO | B18: 6 | C18: NA ORIGEM | D18: S | E18: AUTORIZADO | F18: Antes Prazo | G18: ITN | H18: MCZ | I18: 8177108 | J18: 266802206 | K18: 46304 | L18: 46316 | N18: 101 | O18: 7 | P18: N | R18: FSA-1 | S18: CIF | T18: N | U18: N | V18: 183.84 | W18: 24 | X18: TRIFIL | Y18: E MANOEL DE MELO | AA18: 1306056 | AC18: B2B
A19: RODO | B19: 6 | C19: NA ORIGEM | D19: S | E19: AUTORIZADO | F19: Antes Prazo | G19: ITN | H19: FOR | I19: 8177089 | J19: 266802207 | K19: 46304 | L19: 46315 | N19: 23 | O19: 6 | P19: N | R19: FSA-1 | S19: CIF | T19: N | U19: N | V19: 64.23 | W19: 1 | X19: TRIFIL | Y19: A.S. ANDRIANI COMERCIO DE VESTUARIO LTDA | AA19: 1305606 | AC19: B2B
A20: RODO | B20: 6 | C20: NA ORIGEM | D20: S | E20: AUTORIZADO | F20: Antes Prazo | G20: ITN | H20: FOR | I20: 8177079 | J20: 266802209 | K20: 46304 | L20: 46315 | N20: 1 | O20: 6 | P20: N | R20: FSA-1 | S20: CIF | T20: N | U20: N | V20: 64.23 | W20: 1 | X20: TRIFIL | Y20: VRA COMERCIO DE VESTUÁRIO LTDA EPP | AA20: 1305834 | AC20: B2B
A21: RODO | B21: 6 | C21: NA ORIGEM | D21: S | E21: AUTORIZADO | F21: Antes Prazo | G21: ITN | H21: FOR | I21: 8177090 | J21: 266802211 | K21: 46304 | L21: 46315 | N21: 16 | O21: 6 | P21: N | R21: FSA-1 | S21: CIF | T21: N | U21: N | V21: 64.23 | W21: 1 | X21: TRIFIL | Y21: ASA COMERCIO DE VESTUARIO LTDA. | AA21: 1305627 | AC21: B2B
A22: RODO | B22: 6 | C22: NA ORIGEM | D22: S | E22: AUTORIZADO | F22: Antes Prazo | G22: ITN | H22: FOR | I22: 8177091 | J22: 266802213 | K22: 46304 | L22: 46316 | N22: 104 | O22: 7 | P22: N | R22: FSA-1 | S22: CIF | T22: N | U22: N | V22: 64.23 | W22: 1 | X22: TRIFIL | Y22: EUSEBIO MEIAS ARTIGOS DE VESTUARIO | AA22: 1305634 | AC22: B2B
A23: RODO | B23: 6 | C23: NA ORIGEM | D23: S | E23: AUTORIZADO | F23: Antes Prazo | G23: ITN | H23: FOR | I23: 8177092 | J23: 266802214 | K23: 46304 | L23: 46316 | N23: 27 | O23: 7 | P23: N | R23: FSA-1 | S23: CIF | T23: N | U23: N | V23: 64.23 | W23: 1 | X23: TRIFIL | Y23: TERRAZO MEIAS ARTIGOS DO VESTUARIO | AA23: 1305602 | AC23: B2B
A24: RODO | B24: 6 | C24: NA ORIGEM | D24: S | E24: AUTORIZADO | F24: Antes Prazo | G24: ITN | H24: JDO | I24: 8177093 | J24: 266802215 | K24: 46304 | L24: 46315 | N24: 4 | O24: 6 | P24: N | R24: FSA-1 | S24: CIF | T24: N | U24: N | V24: 51.54 | W24: 1 | X24: TRIFIL | Y24: GADELHA COMERCIO DE VESTUARIO LTDA. | AA24: 1305561 | AC24: B2B
A25: RODO | B25: 6 | C25: NA ORIGEM | D25: S | E25: AUTORIZADO | F25: Antes Prazo | G25: ITN | H25: PCS | I25: 8177094 | J25: 266802216 | K25: 46304 | L25: 46324 | N25: 103 | O25: 13 | P25: N | R25: FSA-1 | S25: CIF | T25: N | U25: N | V25: 71.9 | W25: 2 | X25: TRIFIL | Y25: VERSALE COMERCIO DE ARTIGOS DO VESTUARIO | AA25: 1305599 | AC25: B2B
A26: RODO | B26: 6 | C26: NA ORIGEM | D26: S | E26: AUTORIZADO | F26: Antes Prazo | G26: ITN | H26: TUR | I26: 8177095 | J26: 266802217 | K26: 46304 | L26: 46335 | N26: 500 | O26: 19 | P26: N | R26: FSA-1 | S26: CIF | T26: N | U26: N | V26: 71.87 | W26: 5 | X26: TRIFIL | Y26: M N E SILVA & COMPANIA LTDA ME | AA26: 1305818 | AC26: B2B
A27: RODO | B27: 6 | C27: NA ORIGEM | D27: S | E27: AUTORIZADO | F27: Antes Prazo | G27: ITN | H27: NBL | I27: 8177068 | J27: 266802218 | K27: 46304 | L27: 46332 | N27: 902 | O27: 18 | P27: N | R27: FSA-1 | S27: CIF | T27: N | U27: N | V27: 203.43 | W27: 1 | X27: TRIFIL | Y27: L. M. R. SANTOS - ME(0001006261) | AA27: 1305240 | AC27: B2B
A28: RODO | B28: 6 | C28: NA ORIGEM | D28: S | E28: AUTORIZADO | F28: Antes Prazo | G28: ITN | H28: NBL | I28: 8177069 | J28: 266802219 | K28: 46304 | L28: 46332 | N28: 902 | O28: 18 | P28: N | R28: FSA-1 | S28: CIF | T28: N | U28: N | V28: 203.43 | W28: 3 | X28: TRIFIL | Y28: M.O.SILVA-ME(0001025358) | AA28: 1304675 | AC28: B2B
A29: RODO | B29: 6 | C29: NA ORIGEM | D29: S | E29: AUTORIZADO | F29: Antes Prazo | G29: ITN | H29: NBL | I29: 8177070 | J29: 266802220 | K29: 46304 | L29: 46332 | N29: 902 | O29: 18 | P29: N | R29: FSA-1 | S29: CIF | T29: N | U29: N | V29: 353.85 | W29: 13 | X29: TRIFIL | Y29: M.A.M.SOUZA FEITOSA(0001006436) | AA29: 1305268 | AC29: B2B
A30: RODO | B30: 6 | C30: NA ORIGEM | D30: S | E30: AUTORIZADO | F30: Antes Prazo | G30: ITN | H30: NBL | I30: 8177071 | J30: 266802221 | K30: 46304 | L30: 46332 | N30: 902 | O30: 18 | P30: N | S30: CIF | T30: N | U30: N | V30: 203.43 | W30: 1 | X30: TRIFIL | Y30: S S DE ARAUJO ME | AA30: 1304849 | AC30: B2B
A31: RODO | B31: 6 | C31: NA ORIGEM | D31: S | E31: AUTORIZADO | F31: Antes Prazo | G31: ITN | H31: MAO | I31: 8177072 | J31: 266802222 | K31: 46304 | L31: 46344 | N31: 2 | O31: 26 | P31: N | S31: CIF | T31: N | U31: N | V31: 118.27 | W31: 1 | X31: TRIFIL | Y31: N. T. DE CASTRO BRITO LTDA | AA31: 1305190 | AC31: B2B
A32: RODO | B32: 6 | C32: NA ORIGEM | D32: S | E32: AUTORIZADO | F32: Antes Prazo | G32: ITN | H32: MAO | I32: 8177073 | J32: 266802223 | K32: 46304 | L32: 46344 | N32: 2 | O32: 26 | P32: N | R32: SAO-1 | S32: CIF | T32: N | U32: N | V32: 135.22 | W32: 3 | X32: TRIFIL | Y32: J F DA COSTA LIMA | AA32: 1303667 | AC32: B2B
A33: RODO | B33: 6 | C33: NA ORIGEM | D33: S | E33: AUTORIZADO | F33: Antes Prazo | G33: ITN | H33: MAO | I33: 8177074 | J33: 266802224 | K33: 46304 | L33: 46344 | N33: 4 | O33: 26 | P33: N | R33: SAO-1 | S33: CIF | T33: N | U33: N | V33: 317.02 | W33: 13 | X33: TRIFIL | Y33: ARLISON M DE SOUZA | AA33: 1304781 | AC33: B2B
A34: RODO | B34: 6 | C34: NA ORIGEM | D34: S | E34: AUTORIZADO | F34: Antes Prazo | G34: ITN | H34: RBR | I34: 8177075 | J34: 266802225 | K34: 46304 | L34: 46359 | N34: 101 | O34: 36 | P34: N | R34: SAO-1 | S34: CIF | T34: N | U34: N | V34: 130.9 | W34: 2 | X34: TRIFIL | Y34: PJ M MENDONÇA | AA34: 1305112 | AC34: B2B
A35: RODO | B35: 6 | C35: NA ORIGEM | D35: S | E35: AUTORIZADO | F35: Antes Prazo | G35: ITN | H35: RBR | I35: 8177076 | J35: 266802226 | K35: 46304 | L35: 46366 | N35: 103 | O35: 41 | P35: N | R35: SAO-1 | S35: CIF | T35: N | U35: N | V35: 130.9 | W35: 3 | X35: TRIFIL | Y35: M.E FRANCA PINHEIRO | AA35: 1305261 | AC35: B2B
A36: RODO | B36: 6 | C36: NA ORIGEM | D36: S | E36: AUTORIZADO | F36: Antes Prazo | G36: ITN | H36: PVH | I36: 8177077 | J36: 266802227 | K36: 46304 | L36: 46342 | N36: 1 | O36: 24 | P36: N | R36: SAO-1 | S36: CIF | T36: N | U36: N | V36: 119.2 | W36: 1 | X36: TRIFIL | Y36: ATACADAO POPULAR | AA36: 1303067 | AC36: B2B
A37: RODO | B37: 6 | C37: NA ORIGEM | D37: S | E37: AUTORIZADO | F37: Antes Prazo | G37: ITN | H37: CWB | I37: 8177096 | J37: 266802228 | K37: 46304 | L37: 46316 | N37: 6 | O37: 7 | P37: N | R37: FSA-1 | S37: CIF | T37: N | U37: N | V37: 55.69 | W37: 4 | X37: TRIFIL | Y37: XV MEIAS COMERCIO DE CONFECCOES LTD | AA37: 1306078 | AC37: B2B
A38: RODO | B38: 6 | C38: NA ORIGEM | D38: S | E38: AUTORIZADO | F38: Antes Prazo | G38: ITN | H38: CWB | I38: 8177097 | J38: 266802229 | K38: 46304 | L38: 46316 | N38: 19 | O38: 7 | P38: N | R38: FSA-1 | S38: CIF | T38: N | U38: N | V38: 60.6 | W38: 5 | X38: TRIFIL | Y38: LUPO SHOPPING CRYSTAL | AA38: 1305652 | AC38: B2B
A39: RODO | B39: 6 | C39: NA ORIGEM | D39: S | E39: AUTORIZADO | F39: Antes Prazo | G39: ITN | H39: GPB | I39: 8177098 | J39: 266802230 | K39: 46304 | L39: 46325 | N39: 102 | O39: 14 | P39: N | R39: FSA-1 | S39: CIF | T39: N | U39: N | V39: 62.65 | W39: 4 | X39: TRIFIL | Y39: POLO MULTIMARCAS LTDA | AA39: 1305832 | AC39: B2B
A40: RODO | B40: 6 | C40: NA ORIGEM | D40: S | E40: AUTORIZADO | F40: Antes Prazo | G40: ITN | H40: JOI | I40: 8177080 | J40: 266802231 | K40: 46304 | L40: 46323 | N40: 104 | O40: 12 | P40: N | R40: FSA-1 | S40: CIF | T40: N | U40: N | V40: 90.12 | W40: 17 | X40: TRIFIL | Y40: MAFRA CENTER COMERCIO DE ROUPAS EIRELI M | AA40: 1305777 | AC40: B2B
A41: RODO | B41: 6 | C41: NA ORIGEM | D41: S | E41: AUTORIZADO | F41: Antes Prazo | G41: ITN | H41: POA | I41: 8177105 | J41: 266802232 | K41: 46304 | L41: 46317 | N41: 87 | O41: 8 | P41: N | R41: FSA-1 | S41: CIF | T41: N | U41: N | V41: 76.76 | W41: 5 | X41: TRIFIL | Y41: LUPO - SHOPPING TOTAL | AA41: 1306080, 1306081, | AC41: B2B
A42: RODO | B42: 6 | C42: NA ORIGEM | D42: S | E42: AUTORIZADO | F42: Antes Prazo | G42: ITN | H42: POA | I42: 8177099 | J42: 266802233 | K42: 46304 | L42: 46317 | N42: 22 | O42: 8 | P42: N | R42: FSA-1 | S42: CIF | T42: N | U42: N | V42: 60.04 | W42: 2 | X42: TRIFIL | Y42: LUPO PRAIA DE BELAS | AA42: 1306079 | AC42: B2B
A43: RODO | B43: 6 | C43: NA ORIGEM | D43: S | E43: AUTORIZADO | F43: Antes Prazo | G43: ITN | H43: POA | I43: 8177100 | J43: 266802234 | K43: 46304 | L43: 46317 | N43: 80 | O43: 8 | P43: N | R43: FSA-1 | S43: CIF | T43: N | U43: N | V43: 60.04 | W43: 3 | X43: TRIFIL | Y43: LUPO IGUATEMI | AA43: 1306082 | AC43: B2B
A44: RODO | B44: 6 | C44: NA ORIGEM | D44: S | E44: AUTORIZADO | F44: Antes Prazo | G44: ITN | H44: QHV | I44: 8177109 | J44: 266802235 | K44: 46304 | L44: 46317 | N44: 6 | O44: 8 | P44: N | R44: FSA-1 | S44: CIF | T44: N | U44: N | V44: 570.9 | W44: 46 | X44: TRIFIL | Y44: Composto 8 Comercio doVestuario Eireli | AA44: 1303877 | AC44: B2B
A45: RODO | B45: 6 | C45: NA ORIGEM | D45: S | E45: AUTORIZADO | F45: Antes Prazo | G45: ITN | H45: CXJ | I45: 8177081 | J45: 266802236 | K45: 46304 | L45: 46322 | N45: 500 | O45: 11 | P45: N | R45: FSA-1 | S45: CIF | T45: N | U45: N | V45: 79.47 | W45: 3 | X45: TRIFIL | Y45: N&J ZHU COM VAR DE ACESS PRES ELETRO | AA45: 1305988 | AC45: B2B
A46: RODO | B46: 6 | C46: NA ORIGEM | D46: S | E46: AUTORIZADO | F46: Antes Prazo | G46: ITN | H46: CCT | I46: 8176840 | J46: 266803260 | K46: 46304 | L46: 46316 | N46: 104 | O46: 7 | P46: N | S46: CIF | T46: N | U46: N | V46: 45.49 | W46: 1 | X46: TRIFIL | Y46: PERFUMARIA PRINCESA DE SAO BENTO LTD | AA46: 1305542 | AC46: B2B
A47: RODO | B47: 6 | C47: NA ORIGEM | D47: S | E47: AUTORIZADO | F47: Antes Prazo | G47: ITN | H47: SJK | I47: 8176960 | J47: 266803261 | K47: 46304 | L47: 46316 | N47: 104 | O47: 7 | P47: N | S47: CIF | T47: N | U47: N | V47: 38.46 | W47: 1 | X47: TRIFIL | Y47: J A DE C KAKO - ME | AA47: 1305461 | AC47: B2B
A48: RODO | B48: 6 | C48: NA ORIGEM | D48: S | E48: AUTORIZADO | F48: Antes Prazo | G48: ITN | H48: SJK | I48: 8176961 | J48: 266803262 | K48: 46304 | L48: 46316 | N48: 6 | O48: 7 | P48: N | R48: SAO-1 | S48: CIF | T48: N | U48: N | V48: 38.46 | W48: 2 | X48: TRIFIL | Y48: LUPO VALE SUL | AA48: 1305581 | AC48: B2B
A49: RODO | B49: 6 | C49: NA ORIGEM | D49: S | E49: AUTORIZADO | F49: Antes Prazo | G49: ITN | H49: SJK | I49: 8176747 | J49: 266803264 | K49: 46304 | L49: 46316 | N49: 3 | O49: 7 | P49: N | R49: SAO-1 | S49: CIF | T49: N | U49: N | V49: 38.46 | W49: 1 | X49: TRIFIL | Y49: FLOR D'ELIS | AA49: 1305923 | AC49: B2B
A50: RODO | B50: 6 | C50: NA ORIGEM | D50: S | E50: AUTORIZADO | F50: Antes Prazo | G50: ITN | H50: SJK | I50: 8176962 | J50: 266803266 | K50: 46304 | L50: 46316 | N50: 3 | O50: 7 | P50: N | R50: SAO-1 | S50: CIF | T50: N | U50: N | V50: 38.46 | W50: 1 | X50: TRIFIL | Y50: COMERCIAL VALUTTI LTDA | AA50: 1305731 | AC50: B2B
A51: RODO | B51: 6 | C51: NA ORIGEM | D51: S | E51: AUTORIZADO | F51: Antes Prazo | G51: ITN | H51: SJK | I51: 8176897 | J51: 266803268 | K51: 46304 | L51: 46316 | N51: 2 | O51: 7 | P51: N | R51: SAO-1 | S51: CIF | T51: N | U51: N | V51: 38.46 | W51: 1 | X51: TRIFIL | Y51: ANTONIO CESAR VELOSO CALCADOS EIRELI EPP | AA51: 1305325 | AC51: B2B
A52: RODO | B52: 6 | C52: NA ORIGEM | D52: S | E52: AUTORIZADO | F52: Antes Prazo | G52: ITN | H52: SJK | I52: 8177017 | J52: 266803270 | K52: 46304 | L52: 46316 | N52: 101 | O52: 7 | P52: N | R52: SAO-1 | S52: CIF | T52: N | U52: N | V52: 38.46 | W52: 2 | X52: TRIFIL | Y52: LOJAO JACAREI COM DE CONF LTDA | AA52: 1304017, 1305900, | AC52: B2B
A53: RODO | B53: 6 | C53: NA ORIGEM | D53: S | E53: AUTORIZADO | F53: Antes Prazo | G53: ITN | H53: CPQ | I53: 8176799 | J53: 266803272 | K53: 46304 | L53: 46316 | N53: 3 | O53: 7 | P53: N | S53: CIF | T53: N | U53: N | V53: 38.46 | W53: 1 | X53: TRIFIL | Y53: LUPO (CAMPINAS SHOPPING) | AA53: 1305655 | AC53: B2B
A54: RODO | B54: 6 | C54: NA ORIGEM | D54: S | E54: AUTORIZADO | F54: Antes Prazo | G54: ITN | H54: CCT | I54: 8177018 | J54: 266803273 | K54: 46304 | L54: 46316 | N54: 131 | O54: 7 | P54: N | S54: CIF | T54: N | U54: N | V54: 45.49 | W54: 1 | X54: TRIFIL | Y54: CALC.MILANI LTDA | AA54: 1304883 | AC54: B2B
A55: RODO | B55: 6 | C55: NA ORIGEM | D55: S | E55: AUTORIZADO | F55: Antes Prazo | G55: ITN | H55: CPQ | I55: 8176898 | J55: 266803274 | K55: 46304 | L55: 46316 | N55: 101 | O55: 7 | P55: N | R55: SAO-1 | S55: CIF | T55: N | U55: N | V55: 38.46 | W55: 1 | X55: TRIFIL | Y55: LIMA E ROLIZOLA COM DE CALÇADOS LTDA EPP | AA55: 1305376 | AC55: B2B
A56: RODO | B56: 6 | C56: NA ORIGEM | D56: S | E56: AUTORIZADO | F56: Antes Prazo | G56: ITN | H56: ATB | I56: 8176963 | J56: 266803275 | K56: 46304 | L56: 46317 | N56: 103 | O56: 8 | P56: N | R56: SAO-1 | S56: CIF | T56: N | U56: N | V56: 48.22 | W56: 8 | X56: TRIFIL | Y56: LOJAS EDLOPES | AA56: 1306006 | AC56: B2B
A57: RODO | B57: 6 | C57: NA ORIGEM | D57: S | E57: AUTORIZADO | F57: Antes Prazo | G57: ITN | H57: CPQ | I57: 8176713 | J57: 266803276 | K57: 46304 | L57: 46316 | N57: 107 | O57: 7 | P57: N | R57: SAO-1 | S57: CIF | T57: N | U57: N | V57: 38.46 | W57: 2 | X57: TRIFIL | Y57: AMOREIRAS CALCADOS E MODAS LTDA | AA57: 1305931 | AC57: B2B
A58: RODO | B58: 6 | C58: NA ORIGEM | D58: S | E58: AUTORIZADO | F58: Antes Prazo | G58: ITN | H58: SOD | I58: 8176964 | J58: 266803277 | K58: 46304 | L58: 46316 | N58: 102 | O58: 7 | P58: N | R58: SAO-1 | S58: CIF | T58: N | U58: N | V58: 38.46 | W58: 3 | X58: TRIFIL | Y58: 39.349.226 RODRIGO DE SIERVO | AA58: 1305021, 1305637, | AC58: B2B
A59: RODO | B59: 6 | C59: NA ORIGEM | D59: S | E59: AUTORIZADO | F59: Antes Prazo | G59: ITN | H59: SOD | I59: 8176729 | J59: 266803278 | K59: 46304 | L59: 46316 | N59: 102 | O59: 7 | P59: N | R59: SAO-1 | S59: CIF | T59: N | U59: N | V59: 38.46 | W59: 1 | X59: TRIFIL | Y59: 43939026 GUSTAVO HENRIQUE SIMIONATO | AA59: 1305884 | AC59: B2B
A60: RODO | B60: 6 | C60: NA ORIGEM | D60: S | E60: AUTORIZADO | F60: Antes Prazo | G60: ITN | H60: DPW | I60: 8176754 | J60: 266803279 | K60: 46304 | L60: 46316 | N60: 3 | O60: 7 | P60: N | R60: SAO-1 | S60: CIF | T60: N | U60: N | V60: 44.45 | W60: 3 | X60: TRIFIL | Y60: DEPOSITO 23 | AA60: 1305935 | AC60: B2B
A61: RODO | B61: 6 | C61: NA ORIGEM | D61: S | E61: AUTORIZADO | F61: Antes Prazo | G61: ITN | H61: DPW | I61: 8176765 | J61: 266803280 | K61: 46304 | L61: 46316 | N61: 107 | O61: 7 | P61: N | R61: FSA-1 | S61: CIF | T61: N | U61: N | V61: 51.99 | W61: 6 | X61: TRIFIL | Y61: A T NETTO | AA61: 1305830 | AC61: B2B
A62: RODO | B62: 6 | C62: NA ORIGEM | D62: S | E62: AUTORIZADO | F62: Antes Prazo | G62: ITN | H62: DPW | I62: 8176769 | J62: 266803281 | K62: 46304 | L62: 46316 | N62: 109 | O62: 7 | P62: N | R62: SAO-1 | S62: CIF | T62: N | U62: N | V62: 38.46 | W62: 1 | X62: TRIFIL | Y62: MR CAT 1 | AA62: 1305384 | AC62: B2B
A63: RODO | B63: 6 | C63: NA ORIGEM | D63: S | E63: AUTORIZADO | F63: Antes Prazo | G63: ITN | H63: AQA | I63: 8176925 | J63: 266803282 | K63: 46304 | L63: 46316 | N63: 101 | O63: 7 | P63: N | R63: SAO-1 | S63: CIF | T63: N | U63: N | V63: 38.46 | W63: 2 | X63: TRIFIL | Y63: LOJAS LUPO | AA63: 1305438 | AC63: B2B
A64: RODO | B64: 6 | C64: NA ORIGEM | D64: S | E64: AUTORIZADO | F64: Antes Prazo | G64: ITN | H64: SPY | I64: 8176926 | J64: 266803283 | K64: 46304 | L64: 46316 | N64: 112 | O64: 7 | P64: N | R64: SAO-1 | S64: CIF | T64: N | U64: N | V64: 38.46 | W64: 1 | X64: TRIFIL | Y64: ZUTIN & CIA.LTDA. | AA64: 1305409 | AC64: B2B
A65: RODO | B65: 6 | C65: NA ORIGEM | D65: S | E65: AUTORIZADO | F65: Antes Prazo | G65: ITN | H65: SPY | I65: 8176748 | J65: 266803284 | K65: 46304 | L65: 46317 | N65: 1 | O65: 8 | P65: N | R65: SAO-1 | S65: CIF | T65: N | U65: N | V65: 38.46 | W65: 1 | X65: TRIFIL | Y65: FILOH COMERCIO IMP E EXP | AA65: 1305945 | AC65: B2B
A66: RODO | B66: 6 | C66: NA ORIGEM | D66: S | E66: AUTORIZADO | F66: Antes Prazo | G66: ITN | H66: SPY | I66: 8176965 | J66: 266803285 | K66: 46304 | L66: 46317 | N66: 102 | O66: 8 | P66: N | R66: FSA-1 | S66: CIF | T66: N | U66: N | V66: 38.46 | W66: 1 | X66: TRIFIL | Y66: LOJA ROMANIA | AA66: 1305753 | AC66: B2B
A67: RODO | B67: 6 | C67: NA ORIGEM | D67: S | E67: AUTORIZADO | F67: Antes Prazo | G67: ITN | H67: MMG | I67: 8176865 | J67: 266803286 | K67: 46304 | L67: 46317 | N67: 40 | O67: 8 | P67: N | S67: CIF | T67: N | U67: N | V67: 38.46 | W67: 1 | X67: TRIFIL | Y67: CONFECCOES ROBLIU LTDA - EPP | AA67: 1305167 | AC67: B2B
A68: RODO | B68: 6 | C68: NA ORIGEM | D68: S | E68: AUTORIZADO | F68: Antes Prazo | G68: ITN | H68: MMG | I68: 8176927 | J68: 266803287 | K68: 46304 | L68: 46317 | N68: 40 | O68: 8 | P68: N | R68: SAO-1 | S68: CIF | T68: N | U68: N | V68: 38.46 | W68: 2 | X68: TRIFIL | Y68: NATALINA TAQUECAVA FUKUDA ME | AA68: 1305795 | AC68: B2B
A69: RODO | B69: 6 | C69: NA ORIGEM | D69: S | E69: AUTORIZADO | F69: Antes Prazo | G69: ITN | H69: MMG | I69: 8177019 | J69: 266803288 | K69: 46304 | L69: 46317 | N69: 402 | O69: 8 | P69: N | R69: FSA-1 | S69: CIF | T69: N | U69: N | V69: 38.46 | W69: 1 | X69: TRIFIL | Y69: MOYSES MAGAZINE | AA69: 1303933 | AC69: B2B
A70: RODO | B70: 6 | C70: NA ORIGEM | D70: S | E70: AUTORIZADO | F70: Antes Prazo | G70: ITN | H70: RAO | I70: 8177020 | J70: 266803289 | K70: 46304 | L70: 46316 | N70: 4 | O70: 7 | P70: N | R70: SAO-1 | S70: CIF | T70: N | U70: N | V70: 38.46 | W70: 1 | X70: TRIFIL | Y70: PLF ARTIGOS DO VESTUARIO RIBEIRAO PRETO | AA70: 1304926 | AC70: B2B
A71: RODO | B71: 6 | C71: NA ORIGEM | D71: S | E71: AUTORIZADO | F71: Antes Prazo | G71: ITN | H71: RAO | I71: 8176966 | J71: 266803291 | K71: 46304 | L71: 46316 | N71: 5 | O71: 7 | P71: N | R71: SAO-1 | S71: CIF | T71: N | U71: N | V71: 38.46 | W71: 2 | X71: TRIFIL | Y71: LUPO (RIBEIRÃO SHOPPING) | AA71: 1305186, 1305293, | AC71: B2B
A72: RODO | B72: 6 | C72: NA ORIGEM | D72: S | E72: AUTORIZADO | F72: Antes Prazo | G72: ITN | H72: RAO | I72: 8176841 | J72: 266803292 | K72: 46304 | L72: 46316 | N72: 6 | O72: 7 | P72: N | S72: CIF | T72: N | U72: N | V72: 38.46 | W72: 1 | X72: TRIFIL | Y72: ROZELI AGOSTA BATAGIN | AA72: 1305688 | AC72: B2B
A73: RODO | B73: 6 | C73: NA ORIGEM | D73: S | E73: AUTORIZADO | F73: Antes Prazo | G73: ITN | H73: RAO | I73: 8176967 | J73: 266803293 | K73: 46304 | L73: 46316 | N73: 7 | O73: 7 | P73: N | S73: CIF | T73: N | U73: N | V73: 38.46 | W73: 1 | X73: TRIFIL | Y73: BRUNA SPORTWEAR COMERCIO DE VESTUARIO LT | AA73: 1305379 | AC73: B2B
A74: RODO | B74: 6 | C74: NA ORIGEM | D74: S | E74: AUTORIZADO | F74: Antes Prazo | G74: ITN | H74: RAO | I74: 8176928 | J74: 266803294 | K74: 46304 | L74: 46317 | N74: 106 | O74: 8 | P74: N | R74: SAO-1 | S74: CIF | T74: N | U74: N | V74: 38.46 | W74: 1 | X74: TRIFIL | Y74: JOSE PEREIRA LIMA EPP | AA74: 1305408 | AC74: B2B
A75: RODO | B75: 6 | C75: NA ORIGEM | D75: S | E75: AUTORIZADO | F75: Antes Prazo | G75: ITN | H75: RAO | I75: 8176842 | J75: 266803295 | K75: 46304 | L75: 46317 | N75: 106 | O75: 8 | P75: N | S75: CIF | T75: N | U75: N | V75: 38.46 | W75: 1 | X75: TRIFIL | Y75: OPCAO CALCADOS DE BRODOWSKI LTDA | AA75: 1305624 | AC75: B2B
A76: RODO | B76: 6 | C76: NA ORIGEM | D76: S | E76: AUTORIZADO | F76: Antes Prazo | G76: ITN | H76: SJP | I76: 8176899 | J76: 266803296 | K76: 46304 | L76: 46322 | N76: 101 | O76: 11 | P76: N | R76: SAO-1 | S76: CIF | T76: N | U76: N | V76: 38.46 | W76: 1 | X76: TRIFIL | Y76: LEONOR PETRI FRIZONI MAGAZINE - ME | AA76: 1305341 | AC76: B2B
A77: RODO | B77: 6 | C77: NA ORIGEM | D77: S | E77: AUTORIZADO | F77: Antes Prazo | G77: ITN | H77: AQA | I77: 8177021 | J77: 266803297 | K77: 46304 | L77: 46316 | N77: 2 | O77: 7 | P77: N | R77: SAO-1 | S77: CIF | T77: N | U77: N | V77: 38.46 | W77: 1 | X77: TRIFIL | Y77: 47.382.747 KARINA ALBINO FRANCISCO | AA77: 1304771 | AC77: B2B
A78: RODO | B78: 6 | C78: NA ORIGEM | D78: S | E78: AUTORIZADO | F78: Antes Prazo | G78: ITN | H78: AQA | I78: 8176929 | J78: 266803298 | K78: 46304 | L78: 46316 | N78: 1 | O78: 7 | P78: N | R78: SAO-1 | S78: CIF | T78: N | U78: N | V78: 38.46 | W78: 1 | X78: TRIFIL | Y78: LUPO LOJAS LTDA | AA78: 1305358 | AC78: B2B
A79: RODO | B79: 6 | C79: NA ORIGEM | D79: S | E79: AUTORIZADO | F79: Antes Prazo | G79: ITN | H79: AQA | I79: 8176730 | J79: 266803299 | K79: 46304 | L79: 46316 | N79: 2 | O79: 7 | P79: N | R79: SAO-1 | S79: CIF | T79: N | U79: N | V79: 38.46 | W79: 2 | X79: TRIFIL | Y79: LOJAS LUPO | AA79: 1305914 | AC79: B2B
A80: RODO | B80: 6 | C80: NA ORIGEM | D80: S | E80: AUTORIZADO | F80: Antes Prazo | G80: ITN | H80: RAO | I80: 8176866 | J80: 266803300 | K80: 46304 | L80: 46318 | N80: 112 | O80: 9 | P80: N | S80: CIF | T80: N | U80: N | V80: 38.46 | W80: 1 | X80: TRIFIL | Y80: ALEX SANDRO JUSTI PEREIRA ME | AA80: 1305646 | AC80: B2B
A81: RODO | B81: 6 | C81: NA ORIGEM | D81: S | E81: AUTORIZADO | F81: Antes Prazo | G81: ITN | H81: RAO | I81: 8176731 | J81: 266803301 | K81: 46304 | L81: 46318 | N81: 104 | O81: 9 | P81: N | R81: SAO-1 | S81: CIF | T81: N | U81: N | V81: 38.46 | W81: 1 | X81: TRIFIL | Y81: IRIS HELENA GONCALVES | AA81: 1305373 | AC81: B2B
A82: RODO | B82: 6 | C82: NA ORIGEM | D82: S | E82: AUTORIZADO | F82: Antes Prazo | G82: ITN | H82: STO | I82: 8176968 | J82: 266803302 | K82: 46304 | L82: 46316 | N82: 545 | O82: 7 | P82: N | R82: SAO-1 | S82: CIF | T82: N | U82: N | V82: 45.49 | W82: 2 | X82: TRIFIL | Y82: Scala Comercio de Roupas Acessorios Ltda | AA82: 1305920 | AC82: B2B
A83: RODO | B83: 6 | C83: NA ORIGEM | D83: S | E83: AUTORIZADO | F83: Antes Prazo | G83: ITN | H83: BAU | I83: 8176930 | J83: 266803303 | K83: 46304 | L83: 46317 | N83: 101 | O83: 8 | P83: N | R83: SAO-1 | S83: CIF | T83: N | U83: N | V83: 38.46 | W83: 1 | X83: TRIFIL | Y83: MARIA DE FATIMA ZANOTTO SANTOS | AA83: 1305372 | AC83: B2B
A84: RODO | B84: 6 | C84: NA ORIGEM | D84: S | E84: AUTORIZADO | F84: Antes Prazo | G84: ITN | H84: SJP | I84: 8176867 | J84: 266803304 | K84: 46304 | L84: 46318 | N84: 107 | O84: 9 | P84: N | S84: CIF | T84: N | U84: N | V84: 38.46 | W84: 1 | X84: TRIFIL | Y84: GARCIA E ZANINI LTDA | AA84: 1305431 | AC84: B2B
A85: RODO | B85: 6 | C85: NA ORIGEM | D85: S | E85: AUTORIZADO | F85: Antes Prazo | G85: ITN | H85: ARU | I85: 8176843 | J85: 266803305 | K85: 46304 | L85: 46321 | N85: 103 | O85: 10 | P85: N | S85: CIF | T85: N | U85: N | V85: 38.46 | W85: 1 | X85: TRIFIL | Y85: JOSE ROBERTO ROSA E CIA LTD | AA85: 1305480 | AC85: B2B
A86: RODO | B86: 6 | C86: NA ORIGEM | D86: S | E86: AUTORIZADO | F86: Antes Prazo | G86: ITN | H86: SJP | I86: 8177022 | J86: 266803306 | K86: 46304 | L86: 46317 | N86: 103 | O86: 8 | P86: N | S86: CIF | T86: N | U86: N | V86: 38.46 | W86: 1 | X86: TRIFIL | Y86: TWO FRIENDES COM. DE CALC. E CONF. LTDA. | AA86: 1305049 | AC86: B2B
A87: RODO | B87: 6 | C87: NA ORIGEM | D87: S | E87: AUTORIZADO | F87: Antes Prazo | G87: ITN | H87: SJP | I87: 8176900 | J87: 266803307 | K87: 46304 | L87: 46318 | N87: 104 | O87: 9 | P87: N | R87: SAO-1 | S87: CIF | T87: N | U87: N | V87: 38.46 | W87: 1 | X87: TRIFIL | Y87: SOLANGE MARIA DE OLIVEIRA FERREIRA - 310 | AA87: 1305417 | AC87: B2B
A88: RODO | B88: 6 | C88: NA ORIGEM | D88: S | E88: AUTORIZADO | F88: Antes Prazo | G88: ITN | H88: ARU | I88: 8176844 | J88: 266803308 | K88: 46304 | L88: 46321 | N88: 111 | O88: 10 | P88: N | S88: CIF | T88: N | U88: N | V88: 38.46 | W88: 1 | X88: TRIFIL | Y88: D NUNES DE OLIVEIRA ME | AA88: 1305321 | AC88: B2B
A89: RODO | B89: 6 | C89: NA ORIGEM | D89: S | E89: AUTORIZADO | F89: Antes Prazo | G89: ITN | H89: BAU | I89: 8176868 | J89: 266803309 | K89: 46304 | L89: 46316 | N89: 104 | O89: 7 | P89: N | S89: CIF | T89: N | U89: N | V89: 38.46 | W89: 1 | X89: TRIFIL | Y89: ANA CLAUDIA GRACIANO SERDA ME | AA89: 1305481 | AC89: B2B
A90: RODO | B90: 6 | C90: NA ORIGEM | D90: S | E90: AUTORIZADO | F90: Antes Prazo | G90: ITN | H90: BAU | I90: 8176800 | J90: 266803310 | K90: 46304 | L90: 46317 | N90: 118 | O90: 8 | P90: N | S90: CIF | T90: N | U90: N | V90: 38.46 | W90: 1 | X90: TRIFIL | Y90: CRISTIANO TOLOI DE ALMEIDA | AA90: 1305723 | AC90: B2B
A91: RODO | B91: 6 | C91: NA ORIGEM | D91: S | E91: AUTORIZADO | F91: Antes Prazo | G91: ITN | H91: BAU | I91: 8176869 | J91: 266803311 | K91: 46304 | L91: 46317 | N91: 102 | O91: 8 | P91: N | S91: CIF | T91: N | U91: N | V91: 38.46 | W91: 1 | X91: TRIFIL | Y91: Olinda Galhardo Confeccoes Ltda | AA91: 1305793 | AC91: B2B
A92: RODO | B92: 6 | C92: NA ORIGEM | D92: S | E92: AUTORIZADO | F92: Antes Prazo | G92: ITN | H92: BAU | I92: 8176870 | J92: 266803312 | K92: 46304 | L92: 46317 | N92: 102 | O92: 8 | P92: N | S92: CIF | T92: N | U92: N | V92: 38.46 | W92: 1 | X92: TRIFIL | Y92: FNF COMERCIO DE CALCS LTDA EPP | AA92: 1305587 | AC92: B2B
A93: RODO | B93: 6 | C93: NA ORIGEM | D93: S | E93: AUTORIZADO | F93: Antes Prazo | G93: ITN | H93: MII | I93: 8176969 | J93: 266803313 | K93: 46304 | L93: 46316 | N93: 1 | O93: 7 | P93: N | R93: SAO-1 | S93: CIF | T93: N | U93: N | V93: 44.45 | W93: 7 | X93: TRIFIL | Y93: ANA MARIA LINGERIE | AA93: 1305987 | AC93: B2B
A94: RODO | B94: 6 | C94: NA ORIGEM | D94: S | E94: AUTORIZADO | F94: Antes Prazo | G94: ITN | H94: PPR | I94: 8176931 | J94: 266803314 | K94: 46304 | L94: 46317 | N94: 108 | O94: 8 | P94: N | R94: SAO-1 | S94: CIF | T94: N | U94: N | V94: 38.46 | W94: 1 | X94: TRIFIL | Y94: MILIANE AGUILAR RODRIGUES ME - 161976 | AA94: 1305454 | AC94: B2B
A95: RODO | B95: 6 | C95: NA ORIGEM | D95: S | E95: AUTORIZADO | F95: Antes Prazo | G95: ITN | H95: PPR | I95: 8176718 | J95: 266803315 | K95: 46304 | L95: 46318 | N95: 117 | O95: 9 | P95: N | R95: SAO-1 | S95: CIF | T95: N | U95: N | V95: 38.46 | W95: 1 | X95: TRIFIL | Y95: O FEIRÃO DOS TECIDOS | AA95: 1305916 | AC95: B2B
A96: RODO | B96: 6 | C96: NA ORIGEM | D96: S | E96: AUTORIZADO | F96: Antes Prazo | G96: ITN | H96: SOD | I96: 8176871 | J96: 266803316 | K96: 46304 | L96: 46318 | N96: 106 | O96: 9 | P96: N | S96: CIF | T96: N | U96: N | V96: 38.46 | W96: 1 | X96: TRIFIL | Y96: LUPO | AA96: 1305604 | AC96: B2B
A97: RODO | B97: 6 | C97: NA ORIGEM | D97: S | E97: AUTORIZADO | F97: Antes Prazo | G97: ITN | H97: SOD | I97: 8176872 | J97: 266803317 | K97: 46304 | L97: 46318 | N97: 116 | O97: 9 | P97: N | R97: SAO-1 | S97: CIF | T97: N | U97: N | V97: 38.46 | W97: 1 | X97: TRIFIL | Y97: MARCIA DA SILVA F. DE OLIVEIRA ME | AA97: 1305654 | AC97: B2B
A98: RODO | B98: 6 | C98: NA ORIGEM | D98: S | E98: AUTORIZADO | F98: Antes Prazo | G98: ITN | H98: SOD | I98: 8176770 | J98: 266803318 | K98: 46304 | L98: 46318 | N98: 112 | O98: 9 | P98: N | R98: SAO-1 | S98: CIF | T98: N | U98: N | V98: 38.46 | W98: 1 | X98: TRIFIL | Y98: MARILDA PEREIRA ROLIM CASTANHO ME | AA98: 1305494 | AC98: B2B
A99: RODO | B99: 6 | C99: NA ORIGEM | D99: S | E99: AUTORIZADO | F99: Antes Prazo | G99: ITN | H99: SOD | I99: 8176801 | J99: 266803319 | K99: 46304 | L99: 46318 | N99: 114 | O99: 9 | P99: N | S99: CIF | T99: N | U99: N | V99: 38.46 | W99: 1 | X99: TRIFIL | Y99: LA SEDUCTION | AA99: 1305034 | AC99: B2B
A100: RODO | B100: 6 | C100: NA ORIGEM | D100: S | E100: AUTORIZADO | F100: Antes Prazo | G100: ITN | H100: BAU | I100: 8176771 | J100: 266803320 | K100: 46304 | L100: 46321 | N100: 119 | O100: 10 | P100: N | R100: SAO-1 | S100: CIF | T100: N | U100: N | V100: 38.46 | W100: 1 | X100: TRIFIL | Y100: FURLAN MAGAZINE LTDA ''ME'' | AA100: 1305199 | AC100: B2B
...

Sheet COMO USAR
A1: COMO USAR
A3: Rotina diária
A4: 1. Menu "📦 Emissões" > "Limpar BASE (antes de colar a nova)".
A5: 2. Na aba BASE, clique na célula A1 e cole a planilha do sistema (com o cabeçalho). Alternativa: Arquivo > Importar > Fazer upload > "Substituir dados a partir da célula selecionada" com a A1 selecionada.
A6: 3. Volte para a DASH. Tudo recalcula sozinho.
A8: Importante
A9: • Nunca exclua linhas ou colunas da BASE — apenas limpe o conteúdo (use o menu). Excluir linhas quebra as fórmulas.
A10: • Não digite nas abas DADOS, CALC e LISTAS: são fórmulas.
A11: • Filtros ficam na linha amarela da DASH. "Todos" ou vazio = sem filtro. Menu "Limpar filtros" volta tudo ao padrão.
A12: • A busca livre procura em ID Conhec, NF, AWB, destinatário, remetente, destino e rota de entrega.
A13: • O dashboard lê até 5.000 linhas. A linha de status no topo da DASH avisa se o layout da base mudar.
A14: • Prazo (dias) é o valor do sistema (coluna PRAZO numérica). A coluna "PRAZO CORRIGIDO" ainda não é usada.

Sheet DADOS
A1: Emissão | B1: Prev. Entrega | C1: Prazo (dias) | D1: Destino | E1: Destinatário | F1: Remetente | G1: ID Conhec | H1: NF | I1: AWB | J1: Tipo Frete | K1: Célula | L1: Situação CT-e | M1: Status | N1: Situação Prazo | O1: Categoria | P1: Valor Frete | Q1: Volumes | R1: Modal | S1: Origem | T1: Rt. Entrega | U1: Busca | V1: Passa filtro | X1: ⚠ Aba de tratamento (fórmulas). Não digite nada aqui.
A2: =IFERROR(__xludf.DUMMYFUNCTION("IFERROR(FILTER(ARRAYFORMULA(IFERROR(IF(ISNUMBER(BASE!$K$2:$K$5001),INT(BASE!$K$2:$K$5001),DATEVALUE(BASE!$K$2:$K$5001)),"""")),BASE!$J$2:$J$5001<>""""),"""")"),46304.0) -> 46304 | B2: =IFERROR(__xludf.DUMMYFUNCTION("IFERROR(FILTER(ARRAYFORMULA(IFERROR(IF(ISNUMBER(BASE!$L$2:$L$5001),INT(BASE!$L$2:$L$5001),DATEVALUE(BASE!$L$2:$L$5001)),"""")),BASE!$J$2:$J$5001<>""""),"""")"),46314.0) -> 46314 | C2: =IFERROR(__xludf.DUMMYFUNCTION("IFERROR(FILTER(ARRAYFORMULA(IF(BASE!$O$2:$O$5001="""","""",IFERROR(VALUE(BASE!$O$2:$O$5001),""""))),BASE!$J$2:$J$5001<>""""),"""")"),5.0) -> 5 | D2: =IFERROR(__xludf.DUMMYFUNCTION("IFERROR(FILTER(ARRAYFORMULA(TRIM(BASE!$H$2:$H$5001&"""")),BASE!$J$2:$J$5001<>""""),"""")"),"ITN") -> ITN | E2: =IFERROR(__xludf.DUMMYFUNCTION("IFERROR(FILTER(ARRAYFORMULA(TRIM(BASE!$Y$2:$Y$5001&"""")),BASE!$J$2:$J$5001<>""""),"""")"),"JAM E JÚ CINQUENTENARIO") -> JAM E JÚ CINQUENTENARIO | F2: =IFERROR(__xludf.DUMMYFUNCTION("IFERROR(FILTER(ARRAYFORMULA(TRIM(BASE!$X$2:$X$5001&"""")),BASE!$J$2:$J$5001<>""""),"""")"),"TRIFIL") -> TRIFIL | G2: =IFERROR(__xludf.DUMMYFUNCTION("IFERROR(FILTER(ARRAYFORMULA(TRIM(BASE!$J$2:$J$5001&"""")),BASE!$J$2:$J$5001<>""""),"""")"),"266801541") -> 266801541 | H2: =IFERROR(__xludf.DUMMYFUNCTION("IFERROR(FILTER(ARRAYFORMULA(REGEXREPLACE(TRIM(BASE!$AA$2:$AA$5001&""""),""[,;\s]+$"","""")),BASE!$J$2:$J$5001<>""""),"""")"),"1302858") -> 1302858 | I2: =IFERROR(__xludf.DUMMYFUNCTION("IFERROR(FILTER(ARRAYFORMULA(TRIM(BASE!$I$2:$I$5001&"""")),BASE!$J$2:$J$5001<>""""),"""")"),"946") -> 946 | J2: =IFERROR(__xludf.DUMMYFUNCTION("IFERROR(FILTER(ARRAYFORMULA(TRIM(BASE!$S$2:$S$5001&"""")),BASE!$J$2:$J$5001<>""""),"""")"),"CIF") -> CIF | K2: =IFERROR(__xludf.DUMMYFUNCTION("IFERROR(FILTER(ARRAYFORMULA(IF(BASE!$R$2:$R$5001="""",""(sem célula)"",TRIM(BASE!$R$2:$R$5001&""""))),BASE!$J$2:$J$5001<>""""),"""")"),"(sem célula)") -> (sem célula) | L2: =IFERROR(__xludf.DUMMYFUNCTION("IFERROR(FILTER(ARRAYFORMULA(IF(BASE!$E$2:$E$5001<>"""",UPPER(TRIM(BASE!$E$2:$E$5001&"""")),IF(BASE!$D$2:$D$5001=""N"",""SEM CT-E"",""SEM RETORNO""))),BASE!$J$2:$J$5001<>""""),"""")"),"SEM CT-E") -> SEM CT-E | M2: =IFERROR(__xludf.DUMMYFUNCTION("IFERROR(FILTER(ARRAYFORMULA(TRIM(BASE!$C$2:$C$5001&"""")),BASE!$J$2:$J$5001<>""""),"""")"),"NA ORIGEM") -> NA ORIGEM | N2: =IFERROR(__xludf.DUMMYFUNCTION("IFERROR(FILTER(ARRAYFORMULA(TRIM(BASE!$F$2:$F$5001&"""")),BASE!$J$2:$J$5001<>""""),"""")"),"Antes Prazo") -> Antes Prazo | O2: =IFERROR(__xludf.DUMMYFUNCTION("IFERROR(FILTER(ARRAYFORMULA(IF(BASE!$AC$2:$AC$5001="""",""(não informada)"",TRIM(BASE!$AC$2:$AC$5001&""""))),BASE!$J$2:$J$5001<>""""),"""")"),"B2B") -> B2B | P2: =IFERROR(__xludf.DUMMYFUNCTION("IFERROR(FILTER(ARRAYFORMULA(IF(BASE!$V$2:$V$5001="""",0,IFERROR(VALUE(BASE!$V$2:$V$5001),0))),BASE!$J$2:$J$5001<>""""),"""")"),34.87) -> 34.87 | Q2: =IFERROR(__xludf.DUMMYFUNCTION("IFERROR(FILTER(ARRAYFORMULA(IF(BASE!$W$2:$W$5001="""",0,IFERROR(VALUE(BASE!$W$2:$W$5001),0))),BASE!$J$2:$J$5001<>""""),"""")"),3.0) -> 3 | R2: =IFERROR(__xludf.DUMMYFUNCTION("IFERROR(FILTER(ARRAYFORMULA(TRIM(BASE!$A$2:$A$5001&"""")),BASE!$J$2:$J$5001<>""""),"""")"),"RODO") -> RODO | S2: =IFERROR(__xludf.DUMMYFUNCTION("IFERROR(FILTER(ARRAYFORMULA(TRIM(BASE!$G$2:$G$5001&"""")),BASE!$J$2:$J$5001<>""""),"""")"),"ITN") -> ITN | T2: =IFERROR(__xludf.DUMMYFUNCTION("IFERROR(FILTER(ARRAYFORMULA(TRIM(BASE!$N$2:$N$5001&"""")),BASE!$J$2:$J$5001<>""""),"""")"),"1") -> 1 | U2: =IFERROR(__xludf.DUMMYFUNCTION("IFERROR(FILTER(ARRAYFORMULA(LOWER($G$2:$G$5001&"" ""&$H$2:$H$5001&"" ""&$I$2:$I$5001&"" ""&$E$2:$E$5001&"" ""&$F$2:$F$5001&"" ""&$D$2:$D$5001&"" ""&$T$2:$T$5001)),$G$2:$G$5001<>""""),"""")"),"266801541 1302858 946 jam e jú cinquentenario trifil itn 1") -> 266801541 1302858 946 jam e jú cinquentenario trifil itn 1 | V2: =IFERROR(__xludf.DUMMYFUNCTION("IFERROR(FILTER(ARRAYFORMULA((((((DASH!$B$4="""")*(DASH!$C$4=""""))+(($A$2:$A$5001>=N(DASH!$B$4))*($A$2:$A$5001<=IF(DASH!$C$4="""",99999,DASH!$C$4))))>0)*((((DASH!$D$4="""")*(DASH!$E$4=""""))+(($C$2:$C$5001>=N(DASH!$D$4))*($C$2:$C$5001<=IF(DASH!$E$4="""",9"&"9999,DASH!$E$4))))>0)*(((DASH!$F$4="""")+(DASH!$F$4=""Todos"")+($D$2:$D$5001=DASH!$F$4))>0)*(((DASH!$G$4="""")+(DASH!$G$4=""Todos"")+($F$2:$F$5001=DASH!$G$4))>0)*(((DASH!$H$4="""")+(DASH!$H$4=""Todos"")+($L$2:$L$5001=DASH!$H$4))>0)*(((DASH!$I$4="""")+(DAS"&"H!$I$4=""Todos"")+($J$2:$J$5001=DASH!$I$4))>0)*(((DASH!$J$4="""")+(DASH!$J$4=""Todos"")+($K$2:$K$5001=DASH!$J$4))>0)*(((DASH!$K$4="""")+(DASH!$K$4=""Todos"")+($O$2:$O$5001=DASH!$K$4))>0)*(((DASH!$L$4="""")+ISNUMBER(SEARCH(LOWER(DASH!$L$4&""""),$U$2:$U$500"&"1)))>0))=1),$G$2:$G$5001<>""""),"""")"),FALSE) -> FALSE
A3: =IFERROR(__xludf.DUMMYFUNCTION("""COMPUTED_VALUE"""),46304.0) -> 46304 | B3: =IFERROR(__xludf.DUMMYFUNCTION("""COMPUTED_VALUE"""),46316.0) -> 46316 | C3: =IFERROR(__xludf.DUMMYFUNCTION("""COMPUTED_VALUE"""),7.0) -> 7 | D3: =IFERROR(__xludf.DUMMYFUNCTION("""COMPUTED_VALUE"""),"SAO") -> SAO | E3: =IFERROR(__xludf.DUMMYFUNCTION("""COMPUTED_VALUE"""),"ACHE LABORATORIOS FARMACEUTICOS SA") -> ACHE LABORATORIOS FARMACEUTICOS SA | F3: =IFERROR(__xludf.DUMMYFUNCTION("""COMPUTED_VALUE"""),"TRIFIL") -> TRIFIL | G3: =IFERROR(__xludf.DUMMYFUNCTION("""COMPUTED_VALUE"""),"266801850") -> 266801850 | H3: =IFERROR(__xludf.DUMMYFUNCTION("""COMPUTED_VALUE"""),"70000284") -> 70000284 | I3: =IFERROR(__xludf.DUMMYFUNCTION("""COMPUTED_VALUE"""),"8176609") -> 8176609 | J3: =IFERROR(__xludf.DUMMYFUNCTION("""COMPUTED_VALUE"""),"CSG") -> CSG | K3: =IFERROR(__xludf.DUMMYFUNCTION("""COMPUTED_VALUE"""),"SAO-1") -> SAO-1 | L3: =IFERROR(__xludf.DUMMYFUNCTION("""COMPUTED_VALUE"""),"SEM CT-E") -> SEM CT-E | M3: =IFERROR(__xludf.DUMMYFUNCTION("""COMPUTED_VALUE"""),"NA ORIGEM") -> NA ORIGEM | N3: =IFERROR(__xludf.DUMMYFUNCTION("""COMPUTED_VALUE"""),"Antes Prazo") -> Antes Prazo | O3: =IFERROR(__xludf.DUMMYFUNCTION("""COMPUTED_VALUE"""),"(não informada)") -> (não informada) | P3: =IFERROR(__xludf.DUMMYFUNCTION("""COMPUTED_VALUE"""),1.0) -> 1 | Q3: =IFERROR(__xludf.DUMMYFUNCTION("""COMPUTED_VALUE"""),1.0) -> 1 | R3: =IFERROR(__xludf.DUMMYFUNCTION("""COMPUTED_VALUE"""),"RODO") -> RODO | S3: =IFERROR(__xludf.DUMMYFUNCTION("""COMPUTED_VALUE"""),"ITN") -> ITN | T3: =IFERROR(__xludf.DUMMYFUNCTION("""COMPUTED_VALUE"""),"34") -> 34 | U3: =IFERROR(__xludf.DUMMYFUNCTION("""COMPUTED_VALUE"""),"266801850 70000284 8176609 ache laboratorios farmaceuticos sa trifil sao 34") -> 266801850 70000284 8176609 ache laboratorios farmaceuticos sa trifil sao 34 | V3: =IFERROR(__xludf.DUMMYFUNCTION("""COMPUTED_VALUE"""),FALSE) -> FALSE
A4: =IFERROR(__xludf.DUMMYFUNCTION("""COMPUTED_VALUE"""),46304.0) -> 46304 | B4: =IFERROR(__xludf.DUMMYFUNCTION("""COMPUTED_VALUE"""),46317.0) -> 46317 | C4: =IFERROR(__xludf.DUMMYFUNCTION("""COMPUTED_VALUE"""),8.0) -> 8 | D4: =IFERROR(__xludf.DUMMYFUNCTION("""COMPUTED_VALUE"""),"ATB") -> ATB | E4: =IFERROR(__xludf.DUMMYFUNCTION("""COMPUTED_VALUE"""),"LOJAS EDLOPES") -> LOJAS EDLOPES | F4: =IFERROR(__xludf.DUMMYFUNCTION("""COMPUTED_VALUE"""),"TRIFIL") -> TRIFIL | G4: =IFERROR(__xludf.DUMMYFUNCTION("""COMPUTED_VALUE"""),"266802183") -> 266802183 | H4: =IFERROR(__xludf.DUMMYFUNCTION("""COMPUTED_VALUE"""),"1306031") -> 1306031 | I4: =IFERROR(__xludf.DUMMYFUNCTION("""COMPUTED_VALUE"""),"8177101") -> 8177101 | J4: =IFERROR(__xludf.DUMMYFUNCTION("""COMPUTED_VALUE"""),"CIF") -> CIF | K4: =IFERROR(__xludf.DUMMYFUNCTION("""COMPUTED_VALUE"""),"SAO-1") -> SAO-1 | L4: =IFERROR(__xludf.DUMMYFUNCTION("""COMPUTED_VALUE"""),"AUTORIZADO") -> AUTORIZADO | M4: =IFERROR(__xludf.DUMMYFUNCTION("""COMPUTED_VALUE"""),"NA ORIGEM") -> NA ORIGEM | N4: =IFERROR(__xludf.DUMMYFUNCTION("""COMPUTED_VALUE"""),"Antes Prazo") -> Antes Prazo | O4: =IFERROR(__xludf.DUMMYFUNCTION("""COMPUTED_VALUE"""),"B2B") -> B2B | P4: =IFERROR(__xludf.DUMMYFUNCTION("""COMPUTED_VALUE"""),38.46) -> 38.46 | Q4: =IFERROR(__xludf.DUMMYFUNCTION("""COMPUTED_VALUE"""),3.0) -> 3 | R4: =IFERROR(__xludf.DUMMYFUNCTION("""COMPUTED_VALUE"""),"RODO") -> RODO | S4: =IFERROR(__xludf.DUMMYFUNCTION("""COMPUTED_VALUE"""),"ITN") -> ITN | T4: =IFERROR(__xludf.DUMMYFUNCTION("""COMPUTED_VALUE"""),"103") -> 103 | U4: =IFERROR(__xludf.DUMMYFUNCTION("""COMPUTED_VALUE"""),"266802183 1306031 8177101 lojas edlopes trifil atb 103") -> 266802183 1306031 8177101 lojas edlopes trifil atb 103 | V4: =IFERROR(__xludf.DUMMYFUNCTION("""COMPUTED_VALUE"""),FALSE) -> FALSE
A5: =IFERROR(__xludf.DUMMYFUNCTION("""COMPUTED_VALUE"""),46304.0) -> 46304 | B5: =IFERROR(__xludf.DUMMYFUNCTION("""COMPUTED_VALUE"""),46317.0) -> 46317 | C5: =IFERROR(__xludf.DUMMYFUNCTION("""COMPUTED_VALUE"""),8.0) -> 8 | D5: =IFERROR(__xludf.DUMMYFUNCTION("""COMPUTED_VALUE"""),"MMG") -> MMG | E5: =IFERROR(__xludf.DUMMYFUNCTION("""COMPUTED_VALUE"""),"BELLAS MEIAS E LINGERIES LTDA") -> BELLAS MEIAS E LINGERIES LTDA | F5: =IFERROR(__xludf.DUMMYFUNCTION("""COMPUTED_VALUE"""),"TRIFIL") -> TRIFIL | G5: =IFERROR(__xludf.DUMMYFUNCTION("""COMPUTED_VALUE"""),"266802184") -> 266802184 | H5: =IFERROR(__xludf.DUMMYFUNCTION("""COMPUTED_VALUE"""),"1305597") -> 1305597 | I5: =IFERROR(__xludf.DUMMYFUNCTION("""COMPUTED_VALUE"""),"8177082") -> 8177082 | J5: =IFERROR(__xludf.DUMMYFUNCTION("""COMPUTED_VALUE"""),"CIF") -> CIF | K5: =IFERROR(__xludf.DUMMYFUNCTION("""COMPUTED_VALUE"""),"SAO-1") -> SAO-1 | L5: =IFERROR(__xludf.DUMMYFUNCTION("""COMPUTED_VALUE"""),"AUTORIZADO") -> AUTORIZADO | M5: =IFERROR(__xludf.DUMMYFUNCTION("""COMPUTED_VALUE"""),"NA ORIGEM") -> NA ORIGEM | N5: =IFERROR(__xludf.DUMMYFUNCTION("""COMPUTED_VALUE"""),"Antes Prazo") -> Antes Prazo | O5: =IFERROR(__xludf.DUMMYFUNCTION("""COMPUTED_VALUE"""),"B2B") -> B2B | P5: =IFERROR(__xludf.DUMMYFUNCTION("""COMPUTED_VALUE"""),38.46) -> 38.46 | Q5: =IFERROR(__xludf.DUMMYFUNCTION("""COMPUTED_VALUE"""),2.0) -> 2 | R5: =IFERROR(__xludf.DUMMYFUNCTION("""COMPUTED_VALUE"""),"RODO") -> RODO | S5: =IFERROR(__xludf.DUMMYFUNCTION("""COMPUTED_VALUE"""),"ITN") -> ITN | T5: =IFERROR(__xludf.DUMMYFUNCTION("""COMPUTED_VALUE"""),"40") -> 40 | U5: =IFERROR(__xludf.DUMMYFUNCTION("""COMPUTED_VALUE"""),"266802184 1305597 8177082 bellas meias e lingeries ltda trifil mmg 40") -> 266802184 1305597 8177082 bellas meias e lingeries ltda trifil mmg 40 | V5: =IFERROR(__xludf.DUMMYFUNCTION("""COMPUTED_VALUE"""),FALSE) -> FALSE
A6: =IFERROR(__xludf.DUMMYFUNCTION("""COMPUTED_VALUE"""),46304.0) -> 46304 | B6: =IFERROR(__xludf.DUMMYFUNCTION("""COMPUTED_VALUE"""),46317.0) -> 46317 | C6: =IFERROR(__xludf.DUMMYFUNCTION("""COMPUTED_VALUE"""),8.0) -> 8 | D6: =IFERROR(__xludf.DUMMYFUNCTION("""COMPUTED_VALUE"""),"SJP") -> SJP | E6: =IFERROR(__xludf.DUMMYFUNCTION("""COMPUTED_VALUE"""),"VIVIANE REBECA DE FREITAS FIRME") -> VIVIANE REBECA DE FREITAS FIRME | F6: =IFERROR(__xludf.DUMMYFUNCTION("""COMPUTED_VALUE"""),"TRIFIL") -> TRIFIL | G6: =IFERROR(__xludf.DUMMYFUNCTION("""COMPUTED_VALUE"""),"266802185") -> 266802185 | H6: =IFERROR(__xludf.DUMMYFUNCTION("""COMPUTED_VALUE"""),"1306021") -> 1306021 | I6: =IFERROR(__xludf.DUMMYFUNCTION("""COMPUTED_VALUE"""),"8177106") -> 8177106 | J6: =IFERROR(__xludf.DUMMYFUNCTION("""COMPUTED_VALUE"""),"CIF") -> CIF | K6: =IFERROR(__xludf.DUMMYFUNCTION("""COMPUTED_VALUE"""),"SAO-1") -> SAO-1 | L6: =IFERROR(__xludf.DUMMYFUNCTION("""COMPUTED_VALUE"""),"AUTORIZADO") -> AUTORIZADO | M6: =IFERROR(__xludf.DUMMYFUNCTION("""COMPUTED_VALUE"""),"NA ORIGEM") -> NA ORIGEM | N6: =IFERROR(__xludf.DUMMYFUNCTION("""COMPUTED_VALUE"""),"Antes Prazo") -> Antes Prazo | O6: =IFERROR(__xludf.DUMMYFUNCTION("""COMPUTED_VALUE"""),"B2B") -> B2B | P6: =IFERROR(__xludf.DUMMYFUNCTION("""COMPUTED_VALUE"""),136.07) -> 136.07 | Q6: =IFERROR(__xludf.DUMMYFUNCTION("""COMPUTED_VALUE"""),37.0) -> 37 | R6: =IFERROR(__xludf.DUMMYFUNCTION("""COMPUTED_VALUE"""),"RODO") -> RODO | S6: =IFERROR(__xludf.DUMMYFUNCTION("""COMPUTED_VALUE"""),"ITN") -> ITN | T6: =IFERROR(__xludf.DUMMYFUNCTION("""COMPUTED_VALUE"""),"101") -> 101 | U6: =IFERROR(__xludf.DUMMYFUNCTION("""COMPUTED_VALUE"""),"266802185 1306021 8177106 viviane rebeca de freitas firme trifil sjp 101") -> 266802185 1306021 8177106 viviane rebeca de freitas firme trifil sjp 101 | V6: =IFERROR(__xludf.DUMMYFUNCTION("""COMPUTED_VALUE"""),FALSE) -> FALSE
A7: =IFERROR(__xludf.DUMMYFUNCTION("""COMPUTED_VALUE"""),46304.0) -> 46304 | B7: =IFERROR(__xludf.DUMMYFUNCTION("""COMPUTED_VALUE"""),46316.0) -> 46316 | C7: =IFERROR(__xludf.DUMMYFUNCTION("""COMPUTED_VALUE"""),7.0) -> 7 | D7: =IFERROR(__xludf.DUMMYFUNCTION("""COMPUTED_VALUE"""),"AQA") -> AQA | E7: =IFERROR(__xludf.DUMMYFUNCTION("""COMPUTED_VALUE"""),"LOJAS LUPO") -> LOJAS LUPO | F7: =IFERROR(__xludf.DUMMYFUNCTION("""COMPUTED_VALUE"""),"TRIFIL") -> TRIFIL | G7: =IFERROR(__xludf.DUMMYFUNCTION("""COMPUTED_VALUE"""),"266802186") -> 266802186 | H7: =IFERROR(__xludf.DUMMYFUNCTION("""COMPUTED_VALUE"""),"1304628") -> 1304628 | I7: =IFERROR(__xludf.DUMMYFUNCTION("""COMPUTED_VALUE"""),"8177107") -> 8177107 | J7: =IFERROR(__xludf.DUMMYFUNCTION("""COMPUTED_VALUE"""),"CIF") -> CIF | K7: =IFERROR(__xludf.DUMMYFUNCTION("""COMPUTED_VALUE"""),"SAO-1") -> SAO-1 | L7: =IFERROR(__xludf.DUMMYFUNCTION("""COMPUTED_VALUE"""),"AUTORIZADO") -> AUTORIZADO | M7: =IFERROR(__xludf.DUMMYFUNCTION("""COMPUTED_VALUE"""),"NA ORIGEM") -> NA ORIGEM | N7: =IFERROR(__xludf.DUMMYFUNCTION("""COMPUTED_VALUE"""),"Antes Prazo") -> Antes Prazo | O7: =IFERROR(__xludf.DUMMYFUNCTION("""COMPUTED_VALUE"""),"B2B") -> B2B | P7: =IFERROR(__xludf.DUMMYFUNCTION("""COMPUTED_VALUE"""),310.68) -> 310.68 | Q7: =IFERROR(__xludf.DUMMYFUNCTION("""COMPUTED_VALUE"""),56.0) -> 56 | R7: =IFERROR(__xludf.DUMMYFUNCTION("""COMPUTED_VALUE"""),"RODO") -> RODO | S7: =IFERROR(__xludf.DUMMYFUNCTION("""COMPUTED_VALUE"""),"ITN") -> ITN | T7: =IFERROR(__xludf.DUMMYFUNCTION("""COMPUTED_VALUE"""),"2") -> 2 | U7: =IFERROR(__xludf.DUMMYFUNCTION("""COMPUTED_VALUE"""),"266802186 1304628 8177107 lojas lupo trifil aqa 2") -> 266802186 1304628 8177107 lojas lupo trifil aqa 2 | V7: =IFERROR(__xludf.DUMMYFUNCTION("""COMPUTED_VALUE"""),FALSE) -> FALSE
A8: =IFERROR(__xludf.DUMMYFUNCTION("""COMPUTED_VALUE"""),46304.0) -> 46304 | B8: =IFERROR(__xludf.DUMMYFUNCTION("""COMPUTED_VALUE"""),46323.0) -> 46323 | C8: =IFERROR(__xludf.DUMMYFUNCTION("""COMPUTED_VALUE"""),12.0) -> 12 | D8: =IFERROR(__xludf.DUMMYFUNCTION("""COMPUTED_VALUE"""),"SOD") -> SOD | E8: =IFERROR(__xludf.DUMMYFUNCTION("""COMPUTED_VALUE"""),"MASTHER VARIEDADES LTDA") -> MASTHER VARIEDADES LTDA | F8: =IFERROR(__xludf.DUMMYFUNCTION("""COMPUTED_VALUE"""),"TRIFIL") -> TRIFIL | G8: =IFERROR(__xludf.DUMMYFUNCTION("""COMPUTED_VALUE"""),"266802187") -> 266802187 | H8: =IFERROR(__xludf.DUMMYFUNCTION("""COMPUTED_VALUE"""),"1305607") -> 1305607 | I8: =IFERROR(__xludf.DUMMYFUNCTION("""COMPUTED_VALUE"""),"8177083") -> 8177083 | J8: =IFERROR(__xludf.DUMMYFUNCTION("""COMPUTED_VALUE"""),"CIF") -> CIF | K8: =IFERROR(__xludf.DUMMYFUNCTION("""COMPUTED_VALUE"""),"SAO-1") -> SAO-1 | L8: =IFERROR(__xludf.DUMMYFUNCTION("""COMPUTED_VALUE"""),"AUTORIZADO") -> AUTORIZADO | M8: =IFERROR(__xludf.DUMMYFUNCTION("""COMPUTED_VALUE"""),"NA ORIGEM") -> NA ORIGEM | N8: =IFERROR(__xludf.DUMMYFUNCTION("""COMPUTED_VALUE"""),"Antes Prazo") -> Antes Prazo | O8: =IFERROR(__xludf.DUMMYFUNCTION("""COMPUTED_VALUE"""),"B2B") -> B2B | P8: =IFERROR(__xludf.DUMMYFUNCTION("""COMPUTED_VALUE"""),38.46) -> 38.46 | Q8: =IFERROR(__xludf.DUMMYFUNCTION("""COMPUTED_VALUE"""),3.0) -> 3 | R8: =IFERROR(__xludf.DUMMYFUNCTION("""COMPUTED_VALUE"""),"RODO") -> RODO | S8: =IFERROR(__xludf.DUMMYFUNCTION("""COMPUTED_VALUE"""),"ITN") -> ITN | T8: =IFERROR(__xludf.DUMMYFUNCTION("""COMPUTED_VALUE"""),"107") -> 107 | U8: =IFERROR(__xludf.DUMMYFUNCTION("""COMPUTED_VALUE"""),"266802187 1305607 8177083 masther variedades ltda trifil sod 107") -> 266802187 1305607 8177083 masther variedades ltda trifil sod 107 | V8: =IFERROR(__xludf.DUMMYFUNCTION("""COMPUTED_VALUE"""),FALSE) -> FALSE
A9: =IFERROR(__xludf.DUMMYFUNCTION("""COMPUTED_VALUE"""),46304.0) -> 46304 | B9: =IFERROR(__xludf.DUMMYFUNCTION("""COMPUTED_VALUE"""),46317.0) -> 46317 | C9: =IFERROR(__xludf.DUMMYFUNCTION("""COMPUTED_VALUE"""),8.0) -> 8 | D9: =IFERROR(__xludf.DUMMYFUNCTION("""COMPUTED_VALUE"""),"SOD") -> SOD | E9: =IFERROR(__xludf.DUMMYFUNCTION("""COMPUTED_VALUE"""),"MILENE PEDROSO FAVARO ME") -> MILENE PEDROSO FAVARO ME | F9: =IFERROR(__xludf.DUMMYFUNCTION("""COMPUTED_VALUE"""),"TRIFIL") -> TRIFIL | G9: =IFERROR(__xludf.DUMMYFUNCTION("""COMPUTED_VALUE"""),"266802188") -> 266802188 | H9: =IFERROR(__xludf.DUMMYFUNCTION("""COMPUTED_VALUE"""),"1305858") -> 1305858 | I9: =IFERROR(__xludf.DUMMYFUNCTION("""COMPUTED_VALUE"""),"8177084") -> 8177084 | J9: =IFERROR(__xludf.DUMMYFUNCTION("""COMPUTED_VALUE"""),"CIF") -> CIF | K9: =IFERROR(__xludf.DUMMYFUNCTION("""COMPUTED_VALUE"""),"SAO-1") -> SAO-1 | L9: =IFERROR(__xludf.DUMMYFUNCTION("""COMPUTED_VALUE"""),"AUTORIZADO") -> AUTORIZADO | M9: =IFERROR(__xludf.DUMMYFUNCTION("""COMPUTED_VALUE"""),"NA ORIGEM") -> NA ORIGEM | N9: =IFERROR(__xludf.DUMMYFUNCTION("""COMPUTED_VALUE"""),"Antes Prazo") -> Antes Prazo | O9: =IFERROR(__xludf.DUMMYFUNCTION("""COMPUTED_VALUE"""),"B2B") -> B2B | P9: =IFERROR(__xludf.DUMMYFUNCTION("""COMPUTED_VALUE"""),38.46) -> 38.46 | Q9: =IFERROR(__xludf.DUMMYFUNCTION("""COMPUTED_VALUE"""),2.0) -> 2 | R9: =IFERROR(__xludf.DUMMYFUNCTION("""COMPUTED_VALUE"""),"RODO") -> RODO | S9: =IFERROR(__xludf.DUMMYFUNCTION("""COMPUTED_VALUE"""),"ITN") -> ITN | T9: =IFERROR(__xludf.DUMMYFUNCTION("""COMPUTED_VALUE"""),"104") -> 104 | U9: =IFERROR(__xludf.DUMMYFUNCTION("""COMPUTED_VALUE"""),"266802188 1305858 8177084 milene pedroso favaro me trifil sod 104") -> 266802188 1305858 8177084 milene pedroso favaro me trifil sod 104 | V9: =IFERROR(__xludf.DUMMYFUNCTION("""COMPUTED_VALUE"""),FALSE) -> FALSE
A10: =IFERROR(__xludf.DUMMYFUNCTION("""COMPUTED_VALUE"""),46304.0) -> 46304 | B10: =IFERROR(__xludf.DUMMYFUNCTION("""COMPUTED_VALUE"""),46316.0) -> 46316 | C10: =IFERROR(__xludf.DUMMYFUNCTION("""COMPUTED_VALUE"""),7.0) -> 7 | D10: =IFERROR(__xludf.DUMMYFUNCTION("""COMPUTED_VALUE"""),"RIO") -> RIO | E10: =IFERROR(__xludf.DUMMYFUNCTION("""COMPUTED_VALUE"""),"H. V. MODAS LTDA - ME") -> H. V. MODAS LTDA - ME | F10: =IFERROR(__xludf.DUMMYFUNCTION("""COMPUTED_VALUE"""),"TRIFIL") -> TRIFIL | G10: =IFERROR(__xludf.DUMMYFUNCTION("""COMPUTED_VALUE"""),"266802189") -> 266802189 | H10: =IFERROR(__xludf.DUMMYFUNCTION("""COMPUTED_VALUE"""),"1305850") -> 1305850 | I10: =IFERROR(__xludf.DUMMYFUNCTION("""COMPUTED_VALUE"""),"8177078") -> 8177078 | J10: =IFERROR(__xludf.DUMMYFUNCTION("""COMPUTED_VALUE"""),"CIF") -> CIF | K10: =IFERROR(__xludf.DUMMYFUNCTION("""COMPUTED_VALUE"""),"(sem célula)") -> (sem célula) | L10: =IFERROR(__xludf.DUMMYFUNCTION("""COMPUTED_VALUE"""),"AUTORIZADO") -> AUTORIZADO | M10: =IFERROR(__xludf.DUMMYFUNCTION("""COMPUTED_VALUE"""),"NA ORIGEM") -> NA ORIGEM | N10: =IFERROR(__xludf.DUMMYFUNCTION("""COMPUTED_VALUE"""),"Antes Prazo") -> Antes Prazo | O10: =IFERROR(__xludf.DUMMYFUNCTION("""COMPUTED_VALUE"""),"B2B") -> B2B | P10: =IFERROR(__xludf.DUMMYFUNCTION("""COMPUTED_VALUE"""),69.49) -> 69.49 | Q10: =IFERROR(__xludf.DUMMYFUNCTION("""COMPUTED_VALUE"""),1.0) -> 1 | R10: =IFERROR(__xludf.DUMMYFUNCTION("""COMPUTED_VALUE"""),"RODO") -> RODO | S10: =IFERROR(__xludf.DUMMYFUNCTION("""COMPUTED_VALUE"""),"ITN") -> ITN | T10: =IFERROR(__xludf.DUMMYFUNCTION("""COMPUTED_VALUE"""),"62") -> 62 | U10: =IFERROR(__xludf.DUMMYFUNCTION("""COMPUTED_VALUE"""),"266802189 1305850 8177078 h. v. modas ltda - me trifil rio 62") -> 266802189 1305850 8177078 h. v. modas ltda - me trifil rio 62 | V10: =IFERROR(__xludf.DUMMYFUNCTION("""COMPUTED_VALUE"""),FALSE) -> FALSE
A11: =IFERROR(__xludf.DUMMYFUNCTION("""COMPUTED_VALUE"""),46304.0) -> 46304 | B11: =IFERROR(__xludf.DUMMYFUNCTION("""COMPUTED_VALUE"""),46316.0) -> 46316 | C11: =IFERROR(__xludf.DUMMYFUNCTION("""COMPUTED_VALUE"""),7.0) -> 7 | D11: =IFERROR(__xludf.DUMMYFUNCTION("""COMPUTED_VALUE"""),"BHZ") -> BHZ | E11: =IFERROR(__xludf.DUMMYFUNCTION("""COMPUTED_VALUE"""),"LUPO") -> LUPO | F11: =IFERROR(__xludf.DUMMYFUNCTION("""COMPUTED_VALUE"""),"TRIFIL") -> TRIFIL | G11: =IFERROR(__xludf.DUMMYFUNCTION("""COMPUTED_VALUE"""),"266802190") -> 266802190 | H11: =IFERROR(__xludf.DUMMYFUNCTION("""COMPUTED_VALUE"""),"1305803") -> 1305803 | I11: =IFERROR(__xludf.DUMMYFUNCTION("""COMPUTED_VALUE"""),"8177085") -> 8177085 | J11: =IFERROR(__xludf.DUMMYFUNCTION("""COMPUTED_VALUE"""),"CIF") -> CIF | K11: =IFERROR(__xludf.DUMMYFUNCTION("""COMPUTED_VALUE"""),"(sem célula)") -> (sem célula) | L11: =IFERROR(__xludf.DUMMYFUNCTION("""COMPUTED_VALUE"""),"AUTORIZADO") -> AUTORIZADO | M11: =IFERROR(__xludf.DUMMYFUNCTION("""COMPUTED_VALUE"""),"NA ORIGEM") -> NA ORIGEM | N11: =IFERROR(__xludf.DUMMYFUNCTION("""COMPUTED_VALUE"""),"Antes Prazo") -> Antes Prazo | O11: =IFERROR(__xludf.DUMMYFUNCTION("""COMPUTED_VALUE"""),"B2B") -> B2B | P11: =IFERROR(__xludf.DUMMYFUNCTION("""COMPUTED_VALUE"""),66.52) -> 66.52 | Q11: =IFERROR(__xludf.DUMMYFUNCTION("""COMPUTED_VALUE"""),7.0) -> 7 | R11: =IFERROR(__xludf.DUMMYFUNCTION("""COMPUTED_VALUE"""),"RODO") -> RODO | S11: =IFERROR(__xludf.DUMMYFUNCTION("""COMPUTED_VALUE"""),"ITN") -> ITN | T11: =IFERROR(__xludf.DUMMYFUNCTION("""COMPUTED_VALUE"""),"2") -> 2 | U11: =IFERROR(__xludf.DUMMYFUNCTION("""COMPUTED_VALUE"""),"266802190 1305803 8177085 lupo trifil bhz 2") -> 266802190 1305803 8177085 lupo trifil bhz 2 | V11: =IFERROR(__xludf.DUMMYFUNCTION("""COMPUTED_VALUE"""),FALSE) -> FALSE
A12: =IFERROR(__xludf.DUMMYFUNCTION("""COMPUTED_VALUE"""),46304.0) -> 46304 | B12: =IFERROR(__xludf.DUMMYFUNCTION("""COMPUTED_VALUE"""),46318.0) -> 46318 | C12: =IFERROR(__xludf.DUMMYFUNCTION("""COMPUTED_VALUE"""),9.0) -> 9 | D12: =IFERROR(__xludf.DUMMYFUNCTION("""COMPUTED_VALUE"""),"BCG") -> BCG | E12: =IFERROR(__xludf.DUMMYFUNCTION("""COMPUTED_VALUE"""),"MARIA DALVA FERREIRA DOS SANTOS") -> MARIA DALVA FERREIRA DOS SANTOS | F12: =IFERROR(__xludf.DUMMYFUNCTION("""COMPUTED_VALUE"""),"TRIFIL") -> TRIFIL | G12: =IFERROR(__xludf.DUMMYFUNCTION("""COMPUTED_VALUE"""),"266802191") -> 266802191 | H12: =IFERROR(__xludf.DUMMYFUNCTION("""COMPUTED_VALUE"""),"1306008") -> 1306008 | I12: =IFERROR(__xludf.DUMMYFUNCTION("""COMPUTED_VALUE"""),"8177102") -> 8177102 | J12: =IFERROR(__xludf.DUMMYFUNCTION("""COMPUTED_VALUE"""),"CIF") -> CIF | K12: =IFERROR(__xludf.DUMMYFUNCTION("""COMPUTED_VALUE"""),"(sem célula)") -> (sem célula) | L12: =IFERROR(__xludf.DUMMYFUNCTION("""COMPUTED_VALUE"""),"AUTORIZADO") -> AUTORIZADO | M12: =IFERROR(__xludf.DUMMYFUNCTION("""COMPUTED_VALUE"""),"NA ORIGEM") -> NA ORIGEM | N12: =IFERROR(__xludf.DUMMYFUNCTION("""COMPUTED_VALUE"""),"Antes Prazo") -> Antes Prazo | O12: =IFERROR(__xludf.DUMMYFUNCTION("""COMPUTED_VALUE"""),"B2B") -> B2B | P12: =IFERROR(__xludf.DUMMYFUNCTION("""COMPUTED_VALUE"""),51.62) -> 51.62 | Q12: =IFERROR(__xludf.DUMMYFUNCTION("""COMPUTED_VALUE"""),5.0) -> 5 | R12: =IFERROR(__xludf.DUMMYFUNCTION("""COMPUTED_VALUE"""),"RODO") -> RODO | S12: =IFERROR(__xludf.DUMMYFUNCTION("""COMPUTED_VALUE"""),"ITN") -> ITN | T12: =IFERROR(__xludf.DUMMYFUNCTION("""COMPUTED_VALUE"""),"127") -> 127 | U12: =IFERROR(__xludf.DUMMYFUNCTION("""COMPUTED_VALUE"""),"266802191 1306008 8177102 maria dalva ferreira dos santos trifil bcg 127") -> 266802191 1306008 8177102 maria dalva ferreira dos santos trifil bcg 127 | V12: =IFERROR(__xludf.DUMMYFUNCTION("""COMPUTED_VALUE"""),FALSE) -> FALSE
A13: =IFERROR(__xludf.DUMMYFUNCTION("""COMPUTED_VALUE"""),46304.0) -> 46304 | B13: =IFERROR(__xludf.DUMMYFUNCTION("""COMPUTED_VALUE"""),46322.0) -> 46322 | C13: =IFERROR(__xludf.DUMMYFUNCTION("""COMPUTED_VALUE"""),11.0) -> 11 | D13: =IFERROR(__xludf.DUMMYFUNCTION("""COMPUTED_VALUE"""),"JDF") -> JDF | E13: =IFERROR(__xludf.DUMMYFUNCTION("""COMPUTED_VALUE"""),"ELENICE GOMES E CIA") -> ELENICE GOMES E CIA | F13: =IFERROR(__xludf.DUMMYFUNCTION("""COMPUTED_VALUE"""),"TRIFIL") -> TRIFIL | G13: =IFERROR(__xludf.DUMMYFUNCTION("""COMPUTED_VALUE"""),"266802192") -> 266802192 | H13: =IFERROR(__xludf.DUMMYFUNCTION("""COMPUTED_VALUE"""),"1306003") -> 1306003 | I13: =IFERROR(__xludf.DUMMYFUNCTION("""COMPUTED_VALUE"""),"8177103") -> 8177103 | J13: =IFERROR(__xludf.DUMMYFUNCTION("""COMPUTED_VALUE"""),"CIF") -> CIF | K13: =IFERROR(__xludf.DUMMYFUNCTION("""COMPUTED_VALUE"""),"(sem célula)") -> (sem célula) | L13: =IFERROR(__xludf.DUMMYFUNCTION("""COMPUTED_VALUE"""),"AUTORIZADO") -> AUTORIZADO | M13: =IFERROR(__xludf.DUMMYFUNCTION("""COMPUTED_VALUE"""),"NA ORIGEM") -> NA ORIGEM | N13: =IFERROR(__xludf.DUMMYFUNCTION("""COMPUTED_VALUE"""),"Antes Prazo") -> Antes Prazo | O13: =IFERROR(__xludf.DUMMYFUNCTION("""COMPUTED_VALUE"""),"B2B") -> B2B | P13: =IFERROR(__xludf.DUMMYFUNCTION("""COMPUTED_VALUE"""),49.43) -> 49.43 | Q13: =IFERROR(__xludf.DUMMYFUNCTION("""COMPUTED_VALUE"""),2.0) -> 2 | R13: =IFERROR(__xludf.DUMMYFUNCTION("""COMPUTED_VALUE"""),"RODO") -> RODO | S13: =IFERROR(__xludf.DUMMYFUNCTION("""COMPUTED_VALUE"""),"ITN") -> ITN | T13: =IFERROR(__xludf.DUMMYFUNCTION("""COMPUTED_VALUE"""),"103") -> 103 | U13: =IFERROR(__xludf.DUMMYFUNCTION("""COMPUTED_VALUE"""),"266802192 1306003 8177103 elenice gomes e cia trifil jdf 103") -> 266802192 1306003 8177103 elenice gomes e cia trifil jdf 103 | V13: =IFERROR(__xludf.DUMMYFUNCTION("""COMPUTED_VALUE"""),FALSE) -> FALSE
A14: =IFERROR(__xludf.DUMMYFUNCTION("""COMPUTED_VALUE"""),46304.0) -> 46304 | B14: =IFERROR(__xludf.DUMMYFUNCTION("""COMPUTED_VALUE"""),46321.0) -> 46321 | C14: =IFERROR(__xludf.DUMMYFUNCTION("""COMPUTED_VALUE"""),10.0) -> 10 | D14: =IFERROR(__xludf.DUMMYFUNCTION("""COMPUTED_VALUE"""),"VAG") -> VAG | E14: =IFERROR(__xludf.DUMMYFUNCTION("""COMPUTED_VALUE"""),"JO MODAS LTDA ME - 2031 1 9") -> JO MODAS LTDA ME - 2031 1 9 | F14: =IFERROR(__xludf.DUMMYFUNCTION("""COMPUTED_VALUE"""),"TRIFIL") -> TRIFIL | G14: =IFERROR(__xludf.DUMMYFUNCTION("""COMPUTED_VALUE"""),"266802193") -> 266802193 | H14: =IFERROR(__xludf.DUMMYFUNCTION("""COMPUTED_VALUE"""),"1306020") -> 1306020 | I14: =IFERROR(__xludf.DUMMYFUNCTION("""COMPUTED_VALUE"""),"8177104") -> 8177104 | J14: =IFERROR(__xludf.DUMMYFUNCTION("""COMPUTED_VALUE"""),"CIF") -> CIF | K14: =IFERROR(__xludf.DUMMYFUNCTION("""COMPUTED_VALUE"""),"(sem célula)") -> (sem célula) | L14: =IFERROR(__xludf.DUMMYFUNCTION("""COMPUTED_VALUE"""),"AUTORIZADO") -> AUTORIZADO | M14: =IFERROR(__xludf.DUMMYFUNCTION("""COMPUTED_VALUE"""),"NA ORIGEM") -> NA ORIGEM | N14: =IFERROR(__xludf.DUMMYFUNCTION("""COMPUTED_VALUE"""),"Antes Prazo") -> Antes Prazo | O14: =IFERROR(__xludf.DUMMYFUNCTION("""COMPUTED_VALUE"""),"B2B") -> B2B | P14: =IFERROR(__xludf.DUMMYFUNCTION("""COMPUTED_VALUE"""),61.68) -> 61.68 | Q14: =IFERROR(__xludf.DUMMYFUNCTION("""COMPUTED_VALUE"""),8.0) -> 8 | R14: =IFERROR(__xludf.DUMMYFUNCTION("""COMPUTED_VALUE"""),"RODO") -> RODO | S14: =IFERROR(__xludf.DUMMYFUNCTION("""COMPUTED_VALUE"""),"ITN") -> ITN | T14: =IFERROR(__xludf.DUMMYFUNCTION("""COMPUTED_VALUE"""),"102") -> 102 | U14: =IFERROR(__xludf.DUMMYFUNCTION("""COMPUTED_VALUE"""),"266802193 1306020 8177104 jo modas ltda me - 2031 1 9 trifil vag 102") -> 266802193 1306020 8177104 jo modas ltda me - 2031 1 9 trifil vag 102 | V14: =IFERROR(__xludf.DUMMYFUNCTION("""COMPUTED_VALUE"""),FALSE) -> FALSE
A15: =IFERROR(__xludf.DUMMYFUNCTION("""COMPUTED_VALUE"""),46304.0) -> 46304 | B15: =IFERROR(__xludf.DUMMYFUNCTION("""COMPUTED_VALUE"""),46322.0) -> 46322 | C15: =IFERROR(__xludf.DUMMYFUNCTION("""COMPUTED_VALUE"""),11.0) -> 11 | D15: =IFERROR(__xludf.DUMMYFUNCTION("""COMPUTED_VALUE"""),"MOC") -> MOC | E15: =IFERROR(__xludf.DUMMYFUNCTION("""COMPUTED_VALUE"""),"LIDIANE ANTUNES DE OLIVEIRA") -> LIDIANE ANTUNES DE OLIVEIRA | F15: =IFERROR(__xludf.DUMMYFUNCTION("""COMPUTED_VALUE"""),"TRIFIL") -> TRIFIL | G15: =IFERROR(__xludf.DUMMYFUNCTION("""COMPUTED_VALUE"""),"266802195") -> 266802195 | H15: =IFERROR(__xludf.DUMMYFUNCTION("""COMPUTED_VALUE"""),"1305622") -> 1305622 | I15: =IFERROR(__xludf.DUMMYFUNCTION("""COMPUTED_VALUE"""),"8177086") -> 8177086 | J15: =IFERROR(__xludf.DUMMYFUNCTION("""COMPUTED_VALUE"""),"CIF") -> CIF | K15: =IFERROR(__xludf.DUMMYFUNCTION("""COMPUTED_VALUE"""),"(sem célula)") -> (sem célula) | L15: =IFERROR(__xludf.DUMMYFUNCTION("""COMPUTED_VALUE"""),"AUTORIZADO") -> AUTORIZADO | M15: =IFERROR(__xludf.DUMMYFUNCTION("""COMPUTED_VALUE"""),"NA ORIGEM") -> NA ORIGEM | N15: =IFERROR(__xludf.DUMMYFUNCTION("""COMPUTED_VALUE"""),"Antes Prazo") -> Antes Prazo | O15: =IFERROR(__xludf.DUMMYFUNCTION("""COMPUTED_VALUE"""),"B2B") -> B2B | P15: =IFERROR(__xludf.DUMMYFUNCTION("""COMPUTED_VALUE"""),49.43) -> 49.43 | Q15: =IFERROR(__xludf.DUMMYFUNCTION("""COMPUTED_VALUE"""),2.0) -> 2 | R15: =IFERROR(__xludf.DUMMYFUNCTION("""COMPUTED_VALUE"""),"RODO") -> RODO | S15: =IFERROR(__xludf.DUMMYFUNCTION("""COMPUTED_VALUE"""),"ITN") -> ITN | T15: =IFERROR(__xludf.DUMMYFUNCTION("""COMPUTED_VALUE"""),"102") -> 102 | U15: =IFERROR(__xludf.DUMMYFUNCTION("""COMPUTED_VALUE"""),"266802195 1305622 8177086 lidiane antunes de oliveira trifil moc 102") -> 266802195 1305622 8177086 lidiane antunes de oliveira trifil moc 102 | V15: =IFERROR(__xludf.DUMMYFUNCTION("""COMPUTED_VALUE"""),FALSE) -> FALSE
A16: =IFERROR(__xludf.DUMMYFUNCTION("""COMPUTED_VALUE"""),46304.0) -> 46304 | B16: =IFERROR(__xludf.DUMMYFUNCTION("""COMPUTED_VALUE"""),46323.0) -> 46323 | C16: =IFERROR(__xludf.DUMMYFUNCTION("""COMPUTED_VALUE"""),12.0) -> 12 | D16: =IFERROR(__xludf.DUMMYFUNCTION("""COMPUTED_VALUE"""),"FSA") -> FSA | E16: =IFERROR(__xludf.DUMMYFUNCTION("""COMPUTED_VALUE"""),"MARIA IZABEL DA COSTA MATOS - ME") -> MARIA IZABEL DA COSTA MATOS - ME | F16: =IFERROR(__xludf.DUMMYFUNCTION("""COMPUTED_VALUE"""),"TRIFIL") -> TRIFIL | G16: =IFERROR(__xludf.DUMMYFUNCTION("""COMPUTED_VALUE"""),"266802197") -> 266802197 | H16: =IFERROR(__xludf.DUMMYFUNCTION("""COMPUTED_VALUE"""),"1305600") -> 1305600 | I16: =IFERROR(__xludf.DUMMYFUNCTION("""COMPUTED_VALUE"""),"8177087") -> 8177087 | J16: =IFERROR(__xludf.DUMMYFUNCTION("""COMPUTED_VALUE"""),"CIF") -> CIF | K16: =IFERROR(__xludf.DUMMYFUNCTION("""COMPUTED_VALUE"""),"(sem célula)") -> (sem célula) | L16: =IFERROR(__xludf.DUMMYFUNCTION("""COMPUTED_VALUE"""),"AUTORIZADO") -> AUTORIZADO | M16: =IFERROR(__xludf.DUMMYFUNCTION("""COMPUTED_VALUE"""),"NA ORIGEM") -> NA ORIGEM | N16: =IFERROR(__xludf.DUMMYFUNCTION("""COMPUTED_VALUE"""),"Antes Prazo") -> Antes Prazo | O16: =IFERROR(__xludf.DUMMYFUNCTION("""COMPUTED_VALUE"""),"B2B") -> B2B | P16: =IFERROR(__xludf.DUMMYFUNCTION("""COMPUTED_VALUE"""),37.78) -> 37.78 | Q16: =IFERROR(__xludf.DUMMYFUNCTION("""COMPUTED_VALUE"""),1.0) -> 1 | R16: =IFERROR(__xludf.DUMMYFUNCTION("""COMPUTED_VALUE"""),"RODO") -> RODO | S16: =IFERROR(__xludf.DUMMYFUNCTION("""COMPUTED_VALUE"""),"ITN") -> ITN | T16: =IFERROR(__xludf.DUMMYFUNCTION("""COMPUTED_VALUE"""),"217") -> 217 | U16: =IFERROR(__xludf.DUMMYFUNCTION("""COMPUTED_VALUE"""),"266802197 1305600 8177087 maria izabel da costa matos - me trifil fsa 217") -> 266802197 1305600 8177087 maria izabel da costa matos - me trifil fsa 217 | V16: =IFERROR(__xludf.DUMMYFUNCTION("""COMPUTED_VALUE"""),FALSE) -> FALSE
A17: =IFERROR(__xludf.DUMMYFUNCTION("""COMPUTED_VALUE"""),46304.0) -> 46304 | B17: =IFERROR(__xludf.DUMMYFUNCTION("""COMPUTED_VALUE"""),46321.0) -> 46321 | C17: =IFERROR(__xludf.DUMMYFUNCTION("""COMPUTED_VALUE"""),10.0) -> 10 | D17: =IFERROR(__xludf.DUMMYFUNCTION("""COMPUTED_VALUE"""),"REC") -> REC | E17: =IFERROR(__xludf.DUMMYFUNCTION("""COMPUTED_VALUE"""),"MAGALY MALHAS LTDA-ME.") -> MAGALY MALHAS LTDA-ME. | F17: =IFERROR(__xludf.DUMMYFUNCTION("""COMPUTED_VALUE"""),"TRIFIL") -> TRIFIL | G17: =IFERROR(__xludf.DUMMYFUNCTION("""COMPUTED_VALUE"""),"266802204") -> 266802204 | H17: =IFERROR(__xludf.DUMMYFUNCTION("""COMPUTED_VALUE"""),"1305857") -> 1305857 | I17: =IFERROR(__xludf.DUMMYFUNCTION("""COMPUTED_VALUE"""),"8177088") -> 8177088 | J17: =IFERROR(__xludf.DUMMYFUNCTION("""COMPUTED_VALUE"""),"CIF") -> CIF | K17: =IFERROR(__xludf.DUMMYFUNCTION("""COMPUTED_VALUE"""),"FSA-1") -> FSA-1 | L17: =IFERROR(__xludf.DUMMYFUNCTION("""COMPUTED_VALUE"""),"AUTORIZADO") -> AUTORIZADO | M17: =IFERROR(__xludf.DUMMYFUNCTION("""COMPUTED_VALUE"""),"NA ORIGEM") -> NA ORIGEM | N17: =IFERROR(__xludf.DUMMYFUNCTION("""COMPUTED_VALUE"""),"Antes Prazo") -> Antes Prazo | O17: =IFERROR(__xludf.DUMMYFUNCTION("""COMPUTED_VALUE"""),"B2B") -> B2B | P17: =IFERROR(__xludf.DUMMYFUNCTION("""COMPUTED_VALUE"""),63.12) -> 63.12 | Q17: =IFERROR(__xludf.DUMMYFUNCTION("""COMPUTED_VALUE"""),2.0) -> 2 | R17: =IFERROR(__xludf.DUMMYFUNCTION("""COMPUTED_VALUE"""),"RODO") -> RODO | S17: =IFERROR(__xludf.DUMMYFUNCTION("""COMPUTED_VALUE"""),"ITN") -> ITN | T17: =IFERROR(__xludf.DUMMYFUNCTION("""COMPUTED_VALUE"""),"108") -> 108 | U17: =IFERROR(__xludf.DUMMYFUNCTION("""COMPUTED_VALUE"""),"266802204 1305857 8177088 magaly malhas ltda-me. trifil rec 108") -> 266802204 1305857 8177088 magaly malhas ltda-me. trifil rec 108 | V17: =IFERROR(__xludf.DUMMYFUNCTION("""COMPUTED_VALUE"""),FALSE) -> FALSE
A18: =IFERROR(__xludf.DUMMYFUNCTION("""COMPUTED_VALUE"""),46304.0) -> 46304 | B18: =IFERROR(__xludf.DUMMYFUNCTION("""COMPUTED_VALUE"""),46316.0) -> 46316 | C18: =IFERROR(__xludf.DUMMYFUNCTION("""COMPUTED_VALUE"""),7.0) -> 7 | D18: =IFERROR(__xludf.DUMMYFUNCTION("""COMPUTED_VALUE"""),"MCZ") -> MCZ | E18: =IFERROR(__xludf.DUMMYFUNCTION("""COMPUTED_VALUE"""),"E MANOEL DE MELO") -> E MANOEL DE MELO | F18: =IFERROR(__xludf.DUMMYFUNCTION("""COMPUTED_VALUE"""),"TRIFIL") -> TRIFIL | G18: =IFERROR(__xludf.DUMMYFUNCTION("""COMPUTED_VALUE"""),"266802206") -> 266802206 | H18: =IFERROR(__xludf.DUMMYFUNCTION("""COMPUTED_VALUE"""),"1306056") -> 1306056 | I18: =IFERROR(__xludf.DUMMYFUNCTION("""COMPUTED_VALUE"""),"8177108") -> 8177108 | J18: =IFERROR(__xludf.DUMMYFUNCTION("""COMPUTED_VALUE"""),"CIF") -> CIF | K18: =IFERROR(__xludf.DUMMYFUNCTION("""COMPUTED_VALUE"""),"FSA-1") -> FSA-1 | L18: =IFERROR(__xludf.DUMMYFUNCTION("""COMPUTED_VALUE"""),"AUTORIZADO") -> AUTORIZADO | M18: =IFERROR(__xludf.DUMMYFUNCTION("""COMPUTED_VALUE"""),"NA ORIGEM") -> NA ORIGEM | N18: =IFERROR(__xludf.DUMMYFUNCTION("""COMPUTED_VALUE"""),"Antes Prazo") -> Antes Prazo | O18: =IFERROR(__xludf.DUMMYFUNCTION("""COMPUTED_VALUE"""),"B2B") -> B2B | P18: =IFERROR(__xludf.DUMMYFUNCTION("""COMPUTED_VALUE"""),183.84) -> 183.84 | Q18: =IFERROR(__xludf.DUMMYFUNCTION("""COMPUTED_VALUE"""),24.0) -> 24 | R18: =IFERROR(__xludf.DUMMYFUNCTION("""COMPUTED_VALUE"""),"RODO") -> RODO | S18: =IFERROR(__xludf.DUMMYFUNCTION("""COMPUTED_VALUE"""),"ITN") -> ITN | T18: =IFERROR(__xludf.DUMMYFUNCTION("""COMPUTED_VALUE"""),"101") -> 101 | U18: =IFERROR(__xludf.DUMMYFUNCTION("""COMPUTED_VALUE"""),"266802206 1306056 8177108 e manoel de melo trifil mcz 101") -> 266802206 1306056 8177108 e manoel de melo trifil mcz 101 | V18: =IFERROR(__xludf.DUMMYFUNCTION("""COMPUTED_VALUE"""),FALSE) -> FALSE
A19: =IFERROR(__xludf.DUMMYFUNCTION("""COMPUTED_VALUE"""),46304.0) -> 46304 | B19: =IFERROR(__xludf.DUMMYFUNCTION("""COMPUTED_VALUE"""),46315.0) -> 46315 | C19: =IFERROR(__xludf.DUMMYFUNCTION("""COMPUTED_VALUE"""),6.0) -> 6 | D19: =IFERROR(__xludf.DUMMYFUNCTION("""COMPUTED_VALUE"""),"FOR") -> FOR | E19: =IFERROR(__xludf.DUMMYFUNCTION("""COMPUTED_VALUE"""),"A.S. ANDRIANI COMERCIO DE VESTUARIO LTDA") -> A.S. ANDRIANI COMERCIO DE VESTUARIO LTDA | F19: =IFERROR(__xludf.DUMMYFUNCTION("""COMPUTED_VALUE"""),"TRIFIL") -> TRIFIL | G19: =IFERROR(__xludf.DUMMYFUNCTION("""COMPUTED_VALUE"""),"266802207") -> 266802207 | H19: =IFERROR(__xludf.DUMMYFUNCTION("""COMPUTED_VALUE"""),"1305606") -> 1305606 | I19: =IFERROR(__xludf.DUMMYFUNCTION("""COMPUTED_VALUE"""),"8177089") -> 8177089 | J19: =IFERROR(__xludf.DUMMYFUNCTION("""COMPUTED_VALUE"""),"CIF") -> CIF | K19: =IFERROR(__xludf.DUMMYFUNCTION("""COMPUTED_VALUE"""),"FSA-1") -> FSA-1 | L19: =IFERROR(__xludf.DUMMYFUNCTION("""COMPUTED_VALUE"""),"AUTORIZADO") -> AUTORIZADO | M19: =IFERROR(__xludf.DUMMYFUNCTION("""COMPUTED_VALUE"""),"NA ORIGEM") -> NA ORIGEM | N19: =IFERROR(__xludf.DUMMYFUNCTION("""COMPUTED_VALUE"""),"Antes Prazo") -> Antes Prazo | O19: =IFERROR(__xludf.DUMMYFUNCTION("""COMPUTED_VALUE"""),"B2B") -> B2B | P19: =IFERROR(__xludf.DUMMYFUNCTION("""COMPUTED_VALUE"""),64.23) -> 64.23 | Q19: =IFERROR(__xludf.DUMMYFUNCTION("""COMPUTED_VALUE"""),1.0) -> 1 | R19: =IFERROR(__xludf.DUMMYFUNCTION("""COMPUTED_VALUE"""),"RODO") -> RODO | S19: =IFERROR(__xludf.DUMMYFUNCTION("""COMPUTED_VALUE"""),"ITN") -> ITN | T19: =IFERROR(__xludf.DUMMYFUNCTION("""COMPUTED_VALUE"""),"23") -> 23 | U19: =IFERROR(__xludf.DUMMYFUNCTION("""COMPUTED_VALUE"""),"266802207 1305606 8177089 a.s. andriani comercio de vestuario ltda trifil for 23") -> 266802207 1305606 8177089 a.s. andriani comercio de vestuario ltda trifil for 23 | V19: =IFERROR(__xludf.DUMMYFUNCTION("""COMPUTED_VALUE"""),FALSE) -> FALSE
A20: =IFERROR(__xludf.DUMMYFUNCTION("""COMPUTED_VALUE"""),46304.0) -> 46304 | B20: =IFERROR(__xludf.DUMMYFUNCTION("""COMPUTED_VALUE"""),46315.0) -> 46315 | C20: =IFERROR(__xludf.DUMMYFUNCTION("""COMPUTED_VALUE"""),6.0) -> 6 | D20: =IFERROR(__xludf.DUMMYFUNCTION("""COMPUTED_VALUE"""),"FOR") -> FOR | E20: =IFERROR(__xludf.DUMMYFUNCTION("""COMPUTED_VALUE"""),"VRA COMERCIO DE VESTUÁRIO LTDA EPP") -> VRA COMERCIO DE VESTUÁRIO LTDA EPP | F20: =IFERROR(__xludf.DUMMYFUNCTION("""COMPUTED_VALUE"""),"TRIFIL") -> TRIFIL | G20: =IFERROR(__xludf.DUMMYFUNCTION("""COMPUTED_VALUE"""),"266802209") -> 266802209 | H20: =IFERROR(__xludf.DUMMYFUNCTION("""COMPUTED_VALUE"""),"1305834") -> 1305834 | I20: =IFERROR(__xludf.DUMMYFUNCTION("""COMPUTED_VALUE"""),"8177079") -> 8177079 | J20: =IFERROR(__xludf.DUMMYFUNCTION("""COMPUTED_VALUE"""),"CIF") -> CIF | K20: =IFERROR(__xludf.DUMMYFUNCTION("""COMPUTED_VALUE"""),"FSA-1") -> FSA-1 | L20: =IFERROR(__xludf.DUMMYFUNCTION("""COMPUTED_VALUE"""),"AUTORIZADO") -> AUTORIZADO | M20: =IFERROR(__xludf.DUMMYFUNCTION("""COMPUTED_VALUE"""),"NA ORIGEM") -> NA ORIGEM | N20: =IFERROR(__xludf.DUMMYFUNCTION("""COMPUTED_VALUE"""),"Antes Prazo") -> Antes Prazo | O20: =IFERROR(__xludf.DUMMYFUNCTION("""COMPUTED_VALUE"""),"B2B") -> B2B | P20: =IFERROR(__xludf.DUMMYFUNCTION("""COMPUTED_VALUE"""),64.23) -> 64.23 | Q20: =IFERROR(__xludf.DUMMYFUNCTION("""COMPUTED_VALUE"""),1.0) -> 1 | R20: =IFERROR(__xludf.DUMMYFUNCTION("""COMPUTED_VALUE"""),"RODO") -> RODO | S20: =IFERROR(__xludf.DUMMYFUNCTION("""COMPUTED_VALUE"""),"ITN") -> ITN | T20: =IFERROR(__xludf.DUMMYFUNCTION("""COMPUTED_VALUE"""),"1") -> 1 | U20: =IFERROR(__xludf.DUMMYFUNCTION("""COMPUTED_VALUE"""),"266802209 1305834 8177079 vra comercio de vestuário ltda epp trifil for 1") -> 266802209 1305834 8177079 vra comercio de vestuário ltda epp trifil for 1 | V20: =IFERROR(__xludf.DUMMYFUNCTION("""COMPUTED_VALUE"""),FALSE) -> FALSE
A21: =IFERROR(__xludf.DUMMYFUNCTION("""COMPUTED_VALUE"""),46304.0) -> 46304 | B21: =IFERROR(__xludf.DUMMYFUNCTION("""COMPUTED_VALUE"""),46315.0) -> 46315 | C21: =IFERROR(__xludf.DUMMYFUNCTION("""COMPUTED_VALUE"""),6.0) -> 6 | D21: =IFERROR(__xludf.DUMMYFUNCTION("""COMPUTED_VALUE"""),"FOR") -> FOR | E21: =IFERROR(__xludf.DUMMYFUNCTION("""COMPUTED_VALUE"""),"ASA COMERCIO DE VESTUARIO LTDA.") -> ASA COMERCIO DE VESTUARIO LTDA. | F21: =IFERROR(__xludf.DUMMYFUNCTION("""COMPUTED_VALUE"""),"TRIFIL") -> TRIFIL | G21: =IFERROR(__xludf.DUMMYFUNCTION("""COMPUTED_VALUE"""),"266802211") -> 266802211 | H21: =IFERROR(__xludf.DUMMYFUNCTION("""COMPUTED_VALUE"""),"1305627") -> 1305627 | I21: =IFERROR(__xludf.DUMMYFUNCTION("""COMPUTED_VALUE"""),"8177090") -> 8177090 | J21: =IFERROR(__xludf.DUMMYFUNCTION("""COMPUTED_VALUE"""),"CIF") -> CIF | K21: =IFERROR(__xludf.DUMMYFUNCTION("""COMPUTED_VALUE"""),"FSA-1") -> FSA-1 | L21: =IFERROR(__xludf.DUMMYFUNCTION("""COMPUTED_VALUE"""),"AUTORIZADO") -> AUTORIZADO | M21: =IFERROR(__xludf.DUMMYFUNCTION("""COMPUTED_VALUE"""),"NA ORIGEM") -> NA ORIGEM | N21: =IFERROR(__xludf.DUMMYFUNCTION("""COMPUTED_VALUE"""),"Antes Prazo") -> Antes Prazo | O21: =IFERROR(__xludf.DUMMYFUNCTION("""COMPUTED_VALUE"""),"B2B") -> B2B | P21: =IFERROR(__xludf.DUMMYFUNCTION("""COMPUTED_VALUE"""),64.23) -> 64.23 | Q21: =IFERROR(__xludf.DUMMYFUNCTION("""COMPUTED_VALUE"""),1.0) -> 1 | R21: =IFERROR(__xludf.DUMMYFUNCTION("""COMPUTED_VALUE"""),"RODO") -> RODO | S21: =IFERROR(__xludf.DUMMYFUNCTION("""COMPUTED_VALUE"""),"ITN") -> ITN | T21: =IFERROR(__xludf.DUMMYFUNCTION("""COMPUTED_VALUE"""),"16") -> 16 | U21: =IFERROR(__xludf.DUMMYFUNCTION("""COMPUTED_VALUE"""),"266802211 1305627 8177090 asa comercio de vestuario ltda. trifil for 16") -> 266802211 1305627 8177090 asa comercio de vestuario ltda. trifil for 16 | V21: =IFERROR(__xludf.DUMMYFUNCTION("""COMPUTED_VALUE"""),FALSE) -> FALSE
A22: =IFERROR(__xludf.DUMMYFUNCTION("""COMPUTED_VALUE"""),46304.0) -> 46304 | B22: =IFERROR(__xludf.DUMMYFUNCTION("""COMPUTED_VALUE"""),46316.0) -> 46316 | C22: =IFERROR(__xludf.DUMMYFUNCTION("""COMPUTED_VALUE"""),7.0) -> 7 | D22: =IFERROR(__xludf.DUMMYFUNCTION("""COMPUTED_VALUE"""),"FOR") -> FOR | E22: =IFERROR(__xludf.DUMMYFUNCTION("""COMPUTED_VALUE"""),"EUSEBIO MEIAS ARTIGOS DE VESTUARIO") -> EUSEBIO MEIAS ARTIGOS DE VESTUARIO | F22: =IFERROR(__xludf.DUMMYFUNCTION("""COMPUTED_VALUE"""),"TRIFIL") -> TRIFIL | G22: =IFERROR(__xludf.DUMMYFUNCTION("""COMPUTED_VALUE"""),"266802213") -> 266802213 | H22: =IFERROR(__xludf.DUMMYFUNCTION("""COMPUTED_VALUE"""),"1305634") -> 1305634 | I22: =IFERROR(__xludf.DUMMYFUNCTION("""COMPUTED_VALUE"""),"8177091") -> 8177091 | J22: =IFERROR(__xludf.DUMMYFUNCTION("""COMPUTED_VALUE"""),"CIF") -> CIF | K22: =IFERROR(__xludf.DUMMYFUNCTION("""COMPUTED_VALUE"""),"FSA-1") -> FSA-1 | L22: =IFERROR(__xludf.DUMMYFUNCTION("""COMPUTED_VALUE"""),"AUTORIZADO") -> AUTORIZADO | M22: =IFERROR(__xludf.DUMMYFUNCTION("""COMPUTED_VALUE"""),"NA ORIGEM") -> NA ORIGEM | N22: =IFERROR(__xludf.DUMMYFUNCTION("""COMPUTED_VALUE"""),"Antes Prazo") -> Antes Prazo | O22: =IFERROR(__xludf.DUMMYFUNCTION("""COMPUTED_VALUE"""),"B2B") -> B2B | P22: =IFERROR(__xludf.DUMMYFUNCTION("""COMPUTED_VALUE"""),64.23) -> 64.23 | Q22: =IFERROR(__xludf.DUMMYFUNCTION("""COMPUTED_VALUE"""),1.0) -> 1 | R22: =IFERROR(__xludf.DUMMYFUNCTION("""COMPUTED_VALUE"""),"RODO") -> RODO | S22: =IFERROR(__xludf.DUMMYFUNCTION("""COMPUTED_VALUE"""),"ITN") -> ITN | T22: =IFERROR(__xludf.DUMMYFUNCTION("""COMPUTED_VALUE"""),"104") -> 104 | U22: =IFERROR(__xludf.DUMMYFUNCTION("""COMPUTED_VALUE"""),"266802213 1305634 8177091 eusebio meias artigos de vestuario trifil for 104") -> 266802213 1305634 8177091 eusebio meias artigos de vestuario trifil for 104 | V22: =IFERROR(__xludf.DUMMYFUNCTION("""COMPUTED_VALUE"""),FALSE) -> FALSE
A23: =IFERROR(__xludf.DUMMYFUNCTION("""COMPUTED_VALUE"""),46304.0) -> 46304 | B23: =IFERROR(__xludf.DUMMYFUNCTION("""COMPUTED_VALUE"""),46316.0) -> 46316 | C23: =IFERROR(__xludf.DUMMYFUNCTION("""COMPUTED_VALUE"""),7.0) -> 7 | D23: =IFERROR(__xludf.DUMMYFUNCTION("""COMPUTED_VALUE"""),"FOR") -> FOR | E23: =IFERROR(__xludf.DUMMYFUNCTION("""COMPUTED_VALUE"""),"TERRAZO MEIAS ARTIGOS DO VESTUARIO") -> TERRAZO MEIAS ARTIGOS DO VESTUARIO | F23: =IFERROR(__xludf.DUMMYFUNCTION("""COMPUTED_VALUE"""),"TRIFIL") -> TRIFIL | G23: =IFERROR(__xludf.DUMMYFUNCTION("""COMPUTED_VALUE"""),"266802214") -> 266802214 | H23: =IFERROR(__xludf.DUMMYFUNCTION("""COMPUTED_VALUE"""),"1305602") -> 1305602 | I23: =IFERROR(__xludf.DUMMYFUNCTION("""COMPUTED_VALUE"""),"8177092") -> 8177092 | J23: =IFERROR(__xludf.DUMMYFUNCTION("""COMPUTED_VALUE"""),"CIF") -> CIF | K23: =IFERROR(__xludf.DUMMYFUNCTION("""COMPUTED_VALUE"""),"FSA-1") -> FSA-1 | L23: =IFERROR(__xludf.DUMMYFUNCTION("""COMPUTED_VALUE"""),"AUTORIZADO") -> AUTORIZADO | M23: =IFERROR(__xludf.DUMMYFUNCTION("""COMPUTED_VALUE"""),"NA ORIGEM") -> NA ORIGEM | N23: =IFERROR(__xludf.DUMMYFUNCTION("""COMPUTED_VALUE"""),"Antes Prazo") -> Antes Prazo | O23: =IFERROR(__xludf.DUMMYFUNCTION("""COMPUTED_VALUE"""),"B2B") -> B2B | P23: =IFERROR(__xludf.DUMMYFUNCTION("""COMPUTED_VALUE"""),64.23) -> 64.23 | Q23: =IFERROR(__xludf.DUMMYFUNCTION("""COMPUTED_VALUE"""),1.0) -> 1 | R23: =IFERROR(__xludf.DUMMYFUNCTION("""COMPUTED_VALUE"""),"RODO") -> RODO | S23: =IFERROR(__xludf.DUMMYFUNCTION("""COMPUTED_VALUE"""),"ITN") -> ITN | T23: =IFERROR(__xludf.DUMMYFUNCTION("""COMPUTED_VALUE"""),"27") -> 27 | U23: =IFERROR(__xludf.DUMMYFUNCTION("""COMPUTED_VALUE"""),"266802214 1305602 8177092 terrazo meias artigos do vestuario trifil for 27") -> 266802214 1305602 8177092 terrazo meias artigos do vestuario trifil for 27 | V23: =IFERROR(__xludf.DUMMYFUNCTION("""COMPUTED_VALUE"""),FALSE) -> FALSE
A24: =IFERROR(__xludf.DUMMYFUNCTION("""COMPUTED_VALUE"""),46304.0) -> 46304 | B24: =IFERROR(__xludf.DUMMYFUNCTION("""COMPUTED_VALUE"""),46315.0) -> 46315 | C24: =IFERROR(__xludf.DUMMYFUNCTION("""COMPUTED_VALUE"""),6.0) -> 6 | D24: =IFERROR(__xludf.DUMMYFUNCTION("""COMPUTED_VALUE"""),"JDO") -> JDO | E24: =IFERROR(__xludf.DUMMYFUNCTION("""COMPUTED_VALUE"""),"GADELHA COMERCIO DE VESTUARIO LTDA.") -> GADELHA COMERCIO DE VESTUARIO LTDA. | F24: =IFERROR(__xludf.DUMMYFUNCTION("""COMPUTED_VALUE"""),"TRIFIL") -> TRIFIL | G24: =IFERROR(__xludf.DUMMYFUNCTION("""COMPUTED_VALUE"""),"266802215") -> 266802215 | H24: =IFERROR(__xludf.DUMMYFUNCTION("""COMPUTED_VALUE"""),"1305561") -> 1305561 | I24: =IFERROR(__xludf.DUMMYFUNCTION("""COMPUTED_VALUE"""),"8177093") -> 8177093 | J24: =IFERROR(__xludf.DUMMYFUNCTION("""COMPUTED_VALUE"""),"CIF") -> CIF | K24: =IFERROR(__xludf.DUMMYFUNCTION("""COMPUTED_VALUE"""),"FSA-1") -> FSA-1 | L24: =IFERROR(__xludf.DUMMYFUNCTION("""COMPUTED_VALUE"""),"AUTORIZADO") -> AUTORIZADO | M24: =IFERROR(__xludf.DUMMYFUNCTION("""COMPUTED_VALUE"""),"NA ORIGEM") -> NA ORIGEM | N24: =IFERROR(__xludf.DUMMYFUNCTION("""COMPUTED_VALUE"""),"Antes Prazo") -> Antes Prazo | O24: =IFERROR(__xludf.DUMMYFUNCTION("""COMPUTED_VALUE"""),"B2B") -> B2B | P24: =IFERROR(__xludf.DUMMYFUNCTION("""COMPUTED_VALUE"""),51.54) -> 51.54 | Q24: =IFERROR(__xludf.DUMMYFUNCTION("""COMPUTED_VALUE"""),1.0) -> 1 | R24: =IFERROR(__xludf.DUMMYFUNCTION("""COMPUTED_VALUE"""),"RODO") -> RODO | S24: =IFERROR(__xludf.DUMMYFUNCTION("""COMPUTED_VALUE"""),"ITN") -> ITN | T24: =IFERROR(__xludf.DUMMYFUNCTION("""COMPUTED_VALUE"""),"4") -> 4 | U24: =IFERROR(__xludf.DUMMYFUNCTION("""COMPUTED_VALUE"""),"266802215 1305561 8177093 gadelha comercio de vestuario ltda. trifil jdo 4") -> 266802215 1305561 8177093 gadelha comercio de vestuario ltda. trifil jdo 4 | V24: =IFERROR(__xludf.DUMMYFUNCTION("""COMPUTED_VALUE"""),FALSE) -> FALSE
A25: =IFERROR(__xludf.DUMMYFUNCTION("""COMPUTED_VALUE"""),46304.0) -> 46304 | B25: =IFERROR(__xludf.DUMMYFUNCTION("""COMPUTED_VALUE"""),46324.0) -> 46324 | C25: =IFERROR(__xludf.DUMMYFUNCTION("""COMPUTED_VALUE"""),13.0) -> 13 | D25: =IFERROR(__xludf.DUMMYFUNCTION("""COMPUTED_VALUE"""),"PCS") -> PCS | E25: =IFERROR(__xludf.DUMMYFUNCTION("""COMPUTED_VALUE"""),"VERSALE COMERCIO DE ARTIGOS DO VESTUARIO") -> VERSALE COMERCIO DE ARTIGOS DO VESTUARIO | F25: =IFERROR(__xludf.DUMMYFUNCTION("""COMPUTED_VALUE"""),"TRIFIL") -> TRIFIL | G25: =IFERROR(__xludf.DUMMYFUNCTION("""COMPUTED_VALUE"""),"266802216") -> 266802216 | H25: =IFERROR(__xludf.DUMMYFUNCTION("""COMPUTED_VALUE"""),"1305599") -> 1305599 | I25: =IFERROR(__xludf.DUMMYFUNCTION("""COMPUTED_VALUE"""),"8177094") -> 8177094 | J25: =IFERROR(__xludf.DUMMYFUNCTION("""COMPUTED_VALUE"""),"CIF") -> CIF | K25: =IFERROR(__xludf.DUMMYFUNCTION("""COMPUTED_VALUE"""),"FSA-1") -> FSA-1 | L25: =IFERROR(__xludf.DUMMYFUNCTION("""COMPUTED_VALUE"""),"AUTORIZADO") -> AUTORIZADO | M25: =IFERROR(__xludf.DUMMYFUNCTION("""COMPUTED_VALUE"""),"NA ORIGEM") -> NA ORIGEM | N25: =IFERROR(__xludf.DUMMYFUNCTION("""COMPUTED_VALUE"""),"Antes Prazo") -> Antes Prazo | O25: =IFERROR(__xludf.DUMMYFUNCTION("""COMPUTED_VALUE"""),"B2B") -> B2B | P25: =IFERROR(__xludf.DUMMYFUNCTION("""COMPUTED_VALUE"""),71.9) -> 71.9 | Q25: =IFERROR(__xludf.DUMMYFUNCTION("""COMPUTED_VALUE"""),2.0) -> 2 | R25: =IFERROR(__xludf.DUMMYFUNCTION("""COMPUTED_VALUE"""),"RODO") -> RODO | S25: =IFERROR(__xludf.DUMMYFUNCTION("""COMPUTED_VALUE"""),"ITN") -> ITN | T25: =IFERROR(__xludf.DUMMYFUNCTION("""COMPUTED_VALUE"""),"103") -> 103 | U25: =IFERROR(__xludf.DUMMYFUNCTION("""COMPUTED_VALUE"""),"266802216 1305599 8177094 versale comercio de artigos do vestuario trifil pcs 103") -> 266802216 1305599 8177094 versale comercio de artigos do vestuario trifil pcs 103 | V25: =IFERROR(__xludf.DUMMYFUNCTION("""COMPUTED_VALUE"""),FALSE) -> FALSE
A26: =IFERROR(__xludf.DUMMYFUNCTION("""COMPUTED_VALUE"""),46304.0) -> 46304 | B26: =IFERROR(__xludf.DUMMYFUNCTION("""COMPUTED_VALUE"""),46335.0) -> 46335 | C26: =IFERROR(__xludf.DUMMYFUNCTION("""COMPUTED_VALUE"""),19.0) -> 19 | D26: =IFERROR(__xludf.DUMMYFUNCTION("""COMPUTED_VALUE"""),"TUR") -> TUR | E26: =IFERROR(__xludf.DUMMYFUNCTION("""COMPUTED_VALUE"""),"M N E SILVA & COMPANIA LTDA ME") -> M N E SILVA & COMPANIA LTDA ME | F26: =IFERROR(__xludf.DUMMYFUNCTION("""COMPUTED_VALUE"""),"TRIFIL") -> TRIFIL | G26: =IFERROR(__xludf.DUMMYFUNCTION("""COMPUTED_VALUE"""),"266802217") -> 266802217 | H26: =IFERROR(__xludf.DUMMYFUNCTION("""COMPUTED_VALUE"""),"1305818") -> 1305818 | I26: =IFERROR(__xludf.DUMMYFUNCTION("""COMPUTED_VALUE"""),"8177095") -> 8177095 | J26: =IFERROR(__xludf.DUMMYFUNCTION("""COMPUTED_VALUE"""),"CIF") -> CIF | K26: =IFERROR(__xludf.DUMMYFUNCTION("""COMPUTED_VALUE"""),"FSA-1") -> FSA-1 | L26: =IFERROR(__xludf.DUMMYFUNCTION("""COMPUTED_VALUE"""),"AUTORIZADO") -> AUTORIZADO | M26: =IFERROR(__xludf.DUMMYFUNCTION("""COMPUTED_VALUE"""),"NA ORIGEM") -> NA ORIGEM | N26: =IFERROR(__xludf.DUMMYFUNCTION("""COMPUTED_VALUE"""),"Antes Prazo") -> Antes Prazo | O26: =IFERROR(__xludf.DUMMYFUNCTION("""COMPUTED_VALUE"""),"B2B") -> B2B | P26: =IFERROR(__xludf.DUMMYFUNCTION("""COMPUTED_VALUE"""),71.87) -> 71.87 | Q26: =IFERROR(__xludf.DUMMYFUNCTION("""COMPUTED_VALUE"""),5.0) -> 5 | R26: =IFERROR(__xludf.DUMMYFUNCTION("""COMPUTED_VALUE"""),"RODO") -> RODO | S26: =IFERROR(__xludf.DUMMYFUNCTION("""COMPUTED_VALUE"""),"ITN") -> ITN | T26: =IFERROR(__xludf.DUMMYFUNCTION("""COMPUTED_VALUE"""),"500") -> 500 | U26: =IFERROR(__xludf.DUMMYFUNCTION("""COMPUTED_VALUE"""),"266802217 1305818 8177095 m n e silva & compania ltda me trifil tur 500") -> 266802217 1305818 8177095 m n e silva & compania ltda me trifil tur 500 | V26: =IFERROR(__xludf.DUMMYFUNCTION("""COMPUTED_VALUE"""),FALSE) -> FALSE
A27: =IFERROR(__xludf.DUMMYFUNCTION("""COMPUTED_VALUE"""),46304.0) -> 46304 | B27: =IFERROR(__xludf.DUMMYFUNCTION("""COMPUTED_VALUE"""),46332.0) -> 46332 | C27: =IFERROR(__xludf.DUMMYFUNCTION("""COMPUTED_VALUE"""),18.0) -> 18 | D27: =IFERROR(__xludf.DUMMYFUNCTION("""COMPUTED_VALUE"""),"NBL") -> NBL | E27: =IFERROR(__xludf.DUMMYFUNCTION("""COMPUTED_VALUE"""),"L. M. R. SANTOS - ME(0001006261)") -> L. M. R. SANTOS - ME(0001006261) | F27: =IFERROR(__xludf.DUMMYFUNCTION("""COMPUTED_VALUE"""),"TRIFIL") -> TRIFIL | G27: =IFERROR(__xludf.DUMMYFUNCTION("""COMPUTED_VALUE"""),"266802218") -> 266802218 | H27: =IFERROR(__xludf.DUMMYFUNCTION("""COMPUTED_VALUE"""),"1305240") -> 1305240 | I27: =IFERROR(__xludf.DUMMYFUNCTION("""COMPUTED_VALUE"""),"8177068") -> 8177068 | J27: =IFERROR(__xludf.DUMMYFUNCTION("""COMPUTED_VALUE"""),"CIF") -> CIF | K27: =IFERROR(__xludf.DUMMYFUNCTION("""COMPUTED_VALUE"""),"FSA-1") -> FSA-1 | L27: =IFERROR(__xludf.DUMMYFUNCTION("""COMPUTED_VALUE"""),"AUTORIZADO") -> AUTORIZADO | M27: =IFERROR(__xludf.DUMMYFUNCTION("""COMPUTED_VALUE"""),"NA ORIGEM") -> NA ORIGEM | N27: =IFERROR(__xludf.DUMMYFUNCTION("""COMPUTED_VALUE"""),"Antes Prazo") -> Antes Prazo | O27: =IFERROR(__xludf.DUMMYFUNCTION("""COMPUTED_VALUE"""),"B2B") -> B2B | P27: =IFERROR(__xludf.DUMMYFUNCTION("""COMPUTED_VALUE"""),203.43) -> 203.43 | Q27: =IFERROR(__xludf.DUMMYFUNCTION("""COMPUTED_VALUE"""),1.0) -> 1 | R27: =IFERROR(__xludf.DUMMYFUNCTION("""COMPUTED_VALUE"""),"RODO") -> RODO | S27: =IFERROR(__xludf.DUMMYFUNCTION("""COMPUTED_VALUE"""),"ITN") -> ITN | T27: =IFERROR(__xludf.DUMMYFUNCTION("""COMPUTED_VALUE"""),"902") -> 902 | U27: =IFERROR(__xludf.DUMMYFUNCTION("""COMPUTED_VALUE"""),"266802218 1305240 8177068 l. m. r. santos - me(0001006261) trifil nbl 902") -> 266802218 1305240 8177068 l. m. r. santos - me(0001006261) trifil nbl 902 | V27: =IFERROR(__xludf.DUMMYFUNCTION("""COMPUTED_VALUE"""),FALSE) -> FALSE
A28: =IFERROR(__xludf.DUMMYFUNCTION("""COMPUTED_VALUE"""),46304.0) -> 46304 | B28: =IFERROR(__xludf.DUMMYFUNCTION("""COMPUTED_VALUE"""),46332.0) -> 46332 | C28: =IFERROR(__xludf.DUMMYFUNCTION("""COMPUTED_VALUE"""),18.0) -> 18 | D28: =IFERROR(__xludf.DUMMYFUNCTION("""COMPUTED_VALUE"""),"NBL") -> NBL | E28: =IFERROR(__xludf.DUMMYFUNCTION("""COMPUTED_VALUE"""),"M.O.SILVA-ME(0001025358)") -> M.O.SILVA-ME(0001025358) | F28: =IFERROR(__xludf.DUMMYFUNCTION("""COMPUTED_VALUE"""),"TRIFIL") -> TRIFIL | G28: =IFERROR(__xludf.DUMMYFUNCTION("""COMPUTED_VALUE"""),"266802219") -> 266802219 | H28: =IFERROR(__xludf.DUMMYFUNCTION("""COMPUTED_VALUE"""),"1304675") -> 1304675 | I28: =IFERROR(__xludf.DUMMYFUNCTION("""COMPUTED_VALUE"""),"8177069") -> 8177069 | J28: =IFERROR(__xludf.DUMMYFUNCTION("""COMPUTED_VALUE"""),"CIF") -> CIF | K28: =IFERROR(__xludf.DUMMYFUNCTION("""COMPUTED_VALUE"""),"FSA-1") -> FSA-1 | L28: =IFERROR(__xludf.DUMMYFUNCTION("""COMPUTED_VALUE"""),"AUTORIZADO") -> AUTORIZADO | M28: =IFERROR(__xludf.DUMMYFUNCTION("""COMPUTED_VALUE"""),"NA ORIGEM") -> NA ORIGEM | N28: =IFERROR(__xludf.DUMMYFUNCTION("""COMPUTED_VALUE"""),"Antes Prazo") -> Antes Prazo | O28: =IFERROR(__xludf.DUMMYFUNCTION("""COMPUTED_VALUE"""),"B2B") -> B2B | P28: =IFERROR(__xludf.DUMMYFUNCTION("""COMPUTED_VALUE"""),203.43) -> 203.43 | Q28: =IFERROR(__xludf.DUMMYFUNCTION("""COMPUTED_VALUE"""),3.0) -> 3 | R28: =IFERROR(__xludf.DUMMYFUNCTION("""COMPUTED_VALUE"""),"RODO") -> RODO | S28: =IFERROR(__xludf.DUMMYFUNCTION("""COMPUTED_VALUE"""),"ITN") -> ITN | T28: =IFERROR(__xludf.DUMMYFUNCTION("""COMPUTED_VALUE"""),"902") -> 902 | U28: =IFERROR(__xludf.DUMMYFUNCTION("""COMPUTED_VALUE"""),"266802219 1304675 8177069 m.o.silva-me(0001025358) trifil nbl 902") -> 266802219 1304675 8177069 m.o.silva-me(0001025358) trifil nbl 902 | V28: =IFERROR(__xludf.DUMMYFUNCTION("""COMPUTED_VALUE"""),FALSE) -> FALSE
A29: =IFERROR(__xludf.DUMMYFUNCTION("""COMPUTED_VALUE"""),46304.0) -> 46304 | B29: =IFERROR(__xludf.DUMMYFUNCTION("""COMPUTED_VALUE"""),46332.0) -> 46332 | C29: =IFERROR(__xludf.DUMMYFUNCTION("""COMPUTED_VALUE"""),18.0) -> 18 | D29: =IFERROR(__xludf.DUMMYFUNCTION("""COMPUTED_VALUE"""),"NBL") -> NBL | E29: =IFERROR(__xludf.DUMMYFUNCTION("""COMPUTED_VALUE"""),"M.A.M.SOUZA FEITOSA(0001006436)") -> M.A.M.SOUZA FEITOSA(0001006436) | F29: =IFERROR(__xludf.DUMMYFUNCTION("""COMPUTED_VALUE"""),"TRIFIL") -> TRIFIL | G29: =IFERROR(__xludf.DUMMYFUNCTION("""COMPUTED_VALUE"""),"266802220") -> 266802220 | H29: =IFERROR(__xludf.DUMMYFUNCTION("""COMPUTED_VALUE"""),"1305268") -> 1305268 | I29: =IFERROR(__xludf.DUMMYFUNCTION("""COMPUTED_VALUE"""),"8177070") -> 8177070 | J29: =IFERROR(__xludf.DUMMYFUNCTION("""COMPUTED_VALUE"""),"CIF") -> CIF | K29: =IFERROR(__xludf.DUMMYFUNCTION("""COMPUTED_VALUE"""),"FSA-1") -> FSA-1 | L29: =IFERROR(__xludf.DUMMYFUNCTION("""COMPUTED_VALUE"""),"AUTORIZADO") -> AUTORIZADO | M29: =IFERROR(__xludf.DUMMYFUNCTION("""COMPUTED_VALUE"""),"NA ORIGEM") -> NA ORIGEM | N29: =IFERROR(__xludf.DUMMYFUNCTION("""COMPUTED_VALUE"""),"Antes Prazo") -> Antes Prazo | O29: =IFERROR(__xludf.DUMMYFUNCTION("""COMPUTED_VALUE"""),"B2B") -> B2B | P29: =IFERROR(__xludf.DUMMYFUNCTION("""COMPUTED_VALUE"""),353.85) -> 353.85 | Q29: =IFERROR(__xludf.DUMMYFUNCTION("""COMPUTED_VALUE"""),13.0) -> 13 | R29: =IFERROR(__xludf.DUMMYFUNCTION("""COMPUTED_VALUE"""),"RODO") -> RODO | S29: =IFERROR(__xludf.DUMMYFUNCTION("""COMPUTED_VALUE"""),"ITN") -> ITN | T29: =IFERROR(__xludf.DUMMYFUNCTION("""COMPUTED_VALUE"""),"902") -> 902 | U29: =IFERROR(__xludf.DUMMYFUNCTION("""COMPUTED_VALUE"""),"266802220 1305268 8177070 m.a.m.souza feitosa(0001006436) trifil nbl 902") -> 266802220 1305268 8177070 m.a.m.souza feitosa(0001006436) trifil nbl 902 | V29: =IFERROR(__xludf.DUMMYFUNCTION("""COMPUTED_VALUE"""),FALSE) -> FALSE
A30: =IFERROR(__xludf.DUMMYFUNCTION("""COMPUTED_VALUE"""),46304.0) -> 46304 | B30: =IFERROR(__xludf.DUMMYFUNCTION("""COMPUTED_VALUE"""),46332.0) -> 46332 | C30: =IFERROR(__xludf.DUMMYFUNCTION("""COMPUTED_VALUE"""),18.0) -> 18 | D30: =IFERROR(__xludf.DUMMYFUNCTION("""COMPUTED_VALUE"""),"NBL") -> NBL | E30: =IFERROR(__xludf.DUMMYFUNCTION("""COMPUTED_VALUE"""),"S S DE ARAUJO ME") -> S S DE ARAUJO ME | F30: =IFERROR(__xludf.DUMMYFUNCTION("""COMPUTED_VALUE"""),"TRIFIL") -> TRIFIL | G30: =IFERROR(__xludf.DUMMYFUNCTION("""COMPUTED_VALUE"""),"266802221") -> 266802221 | H30: =IFERROR(__xludf.DUMMYFUNCTION("""COMPUTED_VALUE"""),"1304849") -> 1304849 | I30: =IFERROR(__xludf.DUMMYFUNCTION("""COMPUTED_VALUE"""),"8177071") -> 8177071 | J30: =IFERROR(__xludf.DUMMYFUNCTION("""COMPUTED_VALUE"""),"CIF") -> CIF | K30: =IFERROR(__xludf.DUMMYFUNCTION("""COMPUTED_VALUE"""),"(sem célula)") -> (sem célula) | L30: =IFERROR(__xludf.DUMMYFUNCTION("""COMPUTED_VALUE"""),"AUTORIZADO") -> AUTORIZADO | M30: =IFERROR(__xludf.DUMMYFUNCTION("""COMPUTED_VALUE"""),"NA ORIGEM") -> NA ORIGEM | N30: =IFERROR(__xludf.DUMMYFUNCTION("""COMPUTED_VALUE"""),"Antes Prazo") -> Antes Prazo | O30: =IFERROR(__xludf.DUMMYFUNCTION("""COMPUTED_VALUE"""),"B2B") -> B2B | P30: =IFERROR(__xludf.DUMMYFUNCTION("""COMPUTED_VALUE"""),203.43) -> 203.43 | Q30: =IFERROR(__xludf.DUMMYFUNCTION("""COMPUTED_VALUE"""),1.0) -> 1 | R30: =IFERROR(__xludf.DUMMYFUNCTION("""COMPUTED_VALUE"""),"RODO") -> RODO | S30: =IFERROR(__xludf.DUMMYFUNCTION("""COMPUTED_VALUE"""),"ITN") -> ITN | T30: =IFERROR(__xludf.DUMMYFUNCTION("""COMPUTED_VALUE"""),"902") -> 902 | U30: =IFERROR(__xludf.DUMMYFUNCTION("""COMPUTED_VALUE"""),"266802221 1304849 8177071 s s de araujo me trifil nbl 902") -> 266802221 1304849 8177071 s s de araujo me trifil nbl 902 | V30: =IFERROR(__xludf.DUMMYFUNCTION("""COMPUTED_VALUE"""),FALSE) -> FALSE
A31: =IFERROR(__xludf.DUMMYFUNCTION("""COMPUTED_VALUE"""),46304.0) -> 46304 | B31: =IFERROR(__xludf.DUMMYFUNCTION("""COMPUTED_VALUE"""),46344.0) -> 46344 | C31: =IFERROR(__xludf.DUMMYFUNCTION("""COMPUTED_VALUE"""),26.0) -> 26 | D31: =IFERROR(__xludf.DUMMYFUNCTION("""COMPUTED_VALUE"""),"MAO") -> MAO | E31: =IFERROR(__xludf.DUMMYFUNCTION("""COMPUTED_VALUE"""),"N. T. DE CASTRO BRITO LTDA") -> N. T. DE CASTRO BRITO LTDA | F31: =IFERROR(__xludf.DUMMYFUNCTION("""COMPUTED_VALUE"""),"TRIFIL") -> TRIFIL | G31: =IFERROR(__xludf.DUMMYFUNCTION("""COMPUTED_VALUE"""),"266802222") -> 266802222 | H31: =IFERROR(__xludf.DUMMYFUNCTION("""COMPUTED_VALUE"""),"1305190") -> 1305190 | I31: =IFERROR(__xludf.DUMMYFUNCTION("""COMPUTED_VALUE"""),"8177072") -> 8177072 | J31: =IFERROR(__xludf.DUMMYFUNCTION("""COMPUTED_VALUE"""),"CIF") -> CIF | K31: =IFERROR(__xludf.DUMMYFUNCTION("""COMPUTED_VALUE"""),"(sem célula)") -> (sem célula) | L31: =IFERROR(__xludf.DUMMYFUNCTION("""COMPUTED_VALUE"""),"AUTORIZADO") -> AUTORIZADO | M31: =IFERROR(__xludf.DUMMYFUNCTION("""COMPUTED_VALUE"""),"NA ORIGEM") -> NA ORIGEM | N31: =IFERROR(__xludf.DUMMYFUNCTION("""COMPUTED_VALUE"""),"Antes Prazo") -> Antes Prazo | O31: =IFERROR(__xludf.DUMMYFUNCTION("""COMPUTED_VALUE"""),"B2B") -> B2B | P31: =IFERROR(__xludf.DUMMYFUNCTION("""COMPUTED_VALUE"""),118.27) -> 118.27 | Q31: =IFERROR(__xludf.DUMMYFUNCTION("""COMPUTED_VALUE"""),1.0) -> 1 | R31: =IFERROR(__xludf.DUMMYFUNCTION("""COMPUTED_VALUE"""),"RODO") -> RODO | S31: =IFERROR(__xludf.DUMMYFUNCTION("""COMPUTED_VALUE"""),"ITN") -> ITN | T31: =IFERROR(__xludf.DUMMYFUNCTION("""COMPUTED_VALUE"""),"2") -> 2 | U31: =IFERROR(__xludf.DUMMYFUNCTION("""COMPUTED_VALUE"""),"266802222 1305190 8177072 n. t. de castro brito ltda trifil mao 2") -> 266802222 1305190 8177072 n. t. de castro brito ltda trifil mao 2 | V31: =IFERROR(__xludf.DUMMYFUNCTION("""COMPUTED_VALUE"""),FALSE) -> FALSE
A32: =IFERROR(__xludf.DUMMYFUNCTION("""COMPUTED_VALUE"""),46304.0) -> 46304 | B32: =IFERROR(__xludf.DUMMYFUNCTION("""COMPUTED_VALUE"""),46344.0) -> 46344 | C32: =IFERROR(__xludf.DUMMYFUNCTION("""COMPUTED_VALUE"""),26.0) -> 26 | D32: =IFERROR(__xludf.DUMMYFUNCTION("""COMPUTED_VALUE"""),"MAO") -> MAO | E32: =IFERROR(__xludf.DUMMYFUNCTION("""COMPUTED_VALUE"""),"J F DA COSTA LIMA") -> J F DA COSTA LIMA | F32: =IFERROR(__xludf.DUMMYFUNCTION("""COMPUTED_VALUE"""),"TRIFIL") -> TRIFIL | G32: =IFERROR(__xludf.DUMMYFUNCTION("""COMPUTED_VALUE"""),"266802223") -> 266802223 | H32: =IFERROR(__xludf.DUMMYFUNCTION("""COMPUTED_VALUE"""),"1303667") -> 1303667 | I32: =IFERROR(__xludf.DUMMYFUNCTION("""COMPUTED_VALUE"""),"8177073") -> 8177073 | J32: =IFERROR(__xludf.DUMMYFUNCTION("""COMPUTED_VALUE"""),"CIF") -> CIF | K32: =IFERROR(__xludf.DUMMYFUNCTION("""COMPUTED_VALUE"""),"SAO-1") -> SAO-1 | L32: =IFERROR(__xludf.DUMMYFUNCTION("""COMPUTED_VALUE"""),"AUTORIZADO") -> AUTORIZADO | M32: =IFERROR(__xludf.DUMMYFUNCTION("""COMPUTED_VALUE"""),"NA ORIGEM") -> NA ORIGEM | N32: =IFERROR(__xludf.DUMMYFUNCTION("""COMPUTED_VALUE"""),"Antes Prazo") -> Antes Prazo | O32: =IFERROR(__xludf.DUMMYFUNCTION("""COMPUTED_VALUE"""),"B2B") -> B2B | P32: =IFERROR(__xludf.DUMMYFUNCTION("""COMPUTED_VALUE"""),135.22) -> 135.22 | Q32: =IFERROR(__xludf.DUMMYFUNCTION("""COMPUTED_VALUE"""),3.0) -> 3 | R32: =IFERROR(__xludf.DUMMYFUNCTION("""COMPUTED_VALUE"""),"RODO") -> RODO | S32: =IFERROR(__xludf.DUMMYFUNCTION("""COMPUTED_VALUE"""),"ITN") -> ITN | T32: =IFERROR(__xludf.DUMMYFUNCTION("""COMPUTED_VALUE"""),"2") -> 2 | U32: =IFERROR(__xludf.DUMMYFUNCTION("""COMPUTED_VALUE"""),"266802223 1303667 8177073 j f da costa lima trifil mao 2") -> 266802223 1303667 8177073 j f da costa lima trifil mao 2 | V32: =IFERROR(__xludf.DUMMYFUNCTION("""COMPUTED_VALUE"""),FALSE) -> FALSE
A33: =IFERROR(__xludf.DUMMYFUNCTION("""COMPUTED_VALUE"""),46304.0) -> 46304 | B33: =IFERROR(__xludf.DUMMYFUNCTION("""COMPUTED_VALUE"""),46344.0) -> 46344 | C33: =IFERROR(__xludf.DUMMYFUNCTION("""COMPUTED_VALUE"""),26.0) -> 26 | D33: =IFERROR(__xludf.DUMMYFUNCTION("""COMPUTED_VALUE"""),"MAO") -> MAO | E33: =IFERROR(__xludf.DUMMYFUNCTION("""COMPUTED_VALUE"""),"ARLISON M DE SOUZA") -> ARLISON M DE SOUZA | F33: =IFERROR(__xludf.DUMMYFUNCTION("""COMPUTED_VALUE"""),"TRIFIL") -> TRIFIL | G33: =IFERROR(__xludf.DUMMYFUNCTION("""COMPUTED_VALUE"""),"266802224") -> 266802224 | H33: =IFERROR(__xludf.DUMMYFUNCTION("""COMPUTED_VALUE"""),"1304781") -> 1304781 | I33: =IFERROR(__xludf.DUMMYFUNCTION("""COMPUTED_VALUE"""),"8177074") -> 8177074 | J33: =IFERROR(__xludf.DUMMYFUNCTION("""COMPUTED_VALUE"""),"CIF") -> CIF | K33: =IFERROR(__xludf.DUMMYFUNCTION("""COMPUTED_VALUE"""),"SAO-1") -> SAO-1 | L33: =IFERROR(__xludf.DUMMYFUNCTION("""COMPUTED_VALUE"""),"AUTORIZADO") -> AUTORIZADO | M33: =IFERROR(__xludf.DUMMYFUNCTION("""COMPUTED_VALUE"""),"NA ORIGEM") -> NA ORIGEM | N33: =IFERROR(__xludf.DUMMYFUNCTION("""COMPUTED_VALUE"""),"Antes Prazo") -> Antes Prazo | O33: =IFERROR(__xludf.DUMMYFUNCTION("""COMPUTED_VALUE"""),"B2B") -> B2B | P33: =IFERROR(__xludf.DUMMYFUNCTION("""COMPUTED_VALUE"""),317.02) -> 317.02 | Q33: =IFERROR(__xludf.DUMMYFUNCTION("""COMPUTED_VALUE"""),13.0) -> 13 | R33: =IFERROR(__xludf.DUMMYFUNCTION("""COMPUTED_VALUE"""),"RODO") -> RODO | S33: =IFERROR(__xludf.DUMMYFUNCTION("""COMPUTED_VALUE"""),"ITN") -> ITN | T33: =IFERROR(__xludf.DUMMYFUNCTION("""COMPUTED_VALUE"""),"4") -> 4 | U33: =IFERROR(__xludf.DUMMYFUNCTION("""COMPUTED_VALUE"""),"266802224 1304781 8177074 arlison m de souza trifil mao 4") -> 266802224 1304781 8177074 arlison m de souza trifil mao 4 | V33: =IFERROR(__xludf.DUMMYFUNCTION("""COMPUTED_VALUE"""),FALSE) -> FALSE
A34: =IFERROR(__xludf.DUMMYFUNCTION("""COMPUTED_VALUE"""),46304.0) -> 46304 | B34: =IFERROR(__xludf.DUMMYFUNCTION("""COMPUTED_VALUE"""),46359.0) -> 46359 | C34: =IFERROR(__xludf.DUMMYFUNCTION("""COMPUTED_VALUE"""),36.0) -> 36 | D34: =IFERROR(__xludf.DUMMYFUNCTION("""COMPUTED_VALUE"""),"RBR") -> RBR | E34: =IFERROR(__xludf.DUMMYFUNCTION("""COMPUTED_VALUE"""),"PJ M MENDONÇA") -> PJ M MENDONÇA | F34: =IFERROR(__xludf.DUMMYFUNCTION("""COMPUTED_VALUE"""),"TRIFIL") -> TRIFIL | G34: =IFERROR(__xludf.DUMMYFUNCTION("""COMPUTED_VALUE"""),"266802225") -> 266802225 | H34: =IFERROR(__xludf.DUMMYFUNCTION("""COMPUTED_VALUE"""),"1305112") -> 1305112 | I34: =IFERROR(__xludf.DUMMYFUNCTION("""COMPUTED_VALUE"""),"8177075") -> 8177075 | J34: =IFERROR(__xludf.DUMMYFUNCTION("""COMPUTED_VALUE"""),"CIF") -> CIF | K34: =IFERROR(__xludf.DUMMYFUNCTION("""COMPUTED_VALUE"""),"SAO-1") -> SAO-1 | L34: =IFERROR(__xludf.DUMMYFUNCTION("""COMPUTED_VALUE"""),"AUTORIZADO") -> AUTORIZADO | M34: =IFERROR(__xludf.DUMMYFUNCTION("""COMPUTED_VALUE"""),"NA ORIGEM") -> NA ORIGEM | N34: =IFERROR(__xludf.DUMMYFUNCTION("""COMPUTED_VALUE"""),"Antes Prazo") -> Antes Prazo | O34: =IFERROR(__xludf.DUMMYFUNCTION("""COMPUTED_VALUE"""),"B2B") -> B2B | P34: =IFERROR(__xludf.DUMMYFUNCTION("""COMPUTED_VALUE"""),130.9) -> 130.9 | Q34: =IFERROR(__xludf.DUMMYFUNCTION("""COMPUTED_VALUE"""),2.0) -> 2 | R34: =IFERROR(__xludf.DUMMYFUNCTION("""COMPUTED_VALUE"""),"RODO") -> RODO | S34: =IFERROR(__xludf.DUMMYFUNCTION("""COMPUTED_VALUE"""),"ITN") -> ITN | T34: =IFERROR(__xludf.DUMMYFUNCTION("""COMPUTED_VALUE"""),"101") -> 101 | U34: =IFERROR(__xludf.DUMMYFUNCTION("""COMPUTED_VALUE"""),"266802225 1305112 8177075 pj m mendonça trifil rbr 101") -> 266802225 1305112 8177075 pj m mendonça trifil rbr 101 | V34: =IFERROR(__xludf.DUMMYFUNCTION("""COMPUTED_VALUE"""),FALSE) -> FALSE
A35: =IFERROR(__xludf.DUMMYFUNCTION("""COMPUTED_VALUE"""),46304.0) -> 46304 | B35: =IFERROR(__xludf.DUMMYFUNCTION("""COMPUTED_VALUE"""),46366.0) -> 46366 | C35: =IFERROR(__xludf.DUMMYFUNCTION("""COMPUTED_VALUE"""),41.0) -> 41 | D35: =IFERROR(__xludf.DUMMYFUNCTION("""COMPUTED_VALUE"""),"RBR") -> RBR | E35: =IFERROR(__xludf.DUMMYFUNCTION("""COMPUTED_VALUE"""),"M.E FRANCA PINHEIRO") -> M.E FRANCA PINHEIRO | F35: =IFERROR(__xludf.DUMMYFUNCTION("""COMPUTED_VALUE"""),"TRIFIL") -> TRIFIL | G35: =IFERROR(__xludf.DUMMYFUNCTION("""COMPUTED_VALUE"""),"266802226") -> 266802226 | H35: =IFERROR(__xludf.DUMMYFUNCTION("""COMPUTED_VALUE"""),"1305261") -> 1305261 | I35: =IFERROR(__xludf.DUMMYFUNCTION("""COMPUTED_VALUE"""),"8177076") -> 8177076 | J35: =IFERROR(__xludf.DUMMYFUNCTION("""COMPUTED_VALUE"""),"CIF") -> CIF | K35: =IFERROR(__xludf.DUMMYFUNCTION("""COMPUTED_VALUE"""),"SAO-1") -> SAO-1 | L35: =IFERROR(__xludf.DUMMYFUNCTION("""COMPUTED_VALUE"""),"AUTORIZADO") -> AUTORIZADO | M35: =IFERROR(__xludf.DUMMYFUNCTION("""COMPUTED_VALUE"""),"NA ORIGEM") -> NA ORIGEM | N35: =IFERROR(__xludf.DUMMYFUNCTION("""COMPUTED_VALUE"""),"Antes Prazo") -> Antes Prazo | O35: =IFERROR(__xludf.DUMMYFUNCTION("""COMPUTED_VALUE"""),"B2B") -> B2B | P35: =IFERROR(__xludf.DUMMYFUNCTION("""COMPUTED_VALUE"""),130.9) -> 130.9 | Q35: =IFERROR(__xludf.DUMMYFUNCTION("""COMPUTED_VALUE"""),3.0) -> 3 | R35: =IFERROR(__xludf.DUMMYFUNCTION("""COMPUTED_VALUE"""),"RODO") -> RODO | S35: =IFERROR(__xludf.DUMMYFUNCTION("""COMPUTED_VALUE"""),"ITN") -> ITN | T35: =IFERROR(__xludf.DUMMYFUNCTION("""COMPUTED_VALUE"""),"103") -> 103 | U35: =IFERROR(__xludf.DUMMYFUNCTION("""COMPUTED_VALUE"""),"266802226 1305261 8177076 m.e franca pinheiro trifil rbr 103") -> 266802226 1305261 8177076 m.e franca pinheiro trifil rbr 103 | V35: =IFERROR(__xludf.DUMMYFUNCTION("""COMPUTED_VALUE"""),FALSE) -> FALSE
A36: =IFERROR(__xludf.DUMMYFUNCTION("""COMPUTED_VALUE"""),46304.0) -> 46304 | B36: =IFERROR(__xludf.DUMMYFUNCTION("""COMPUTED_VALUE"""),46342.0) -> 46342 | C36: =IFERROR(__xludf.DUMMYFUNCTION("""COMPUTED_VALUE"""),24.0) -> 24 | D36: =IFERROR(__xludf.DUMMYFUNCTION("""COMPUTED_VALUE"""),"PVH") -> PVH | E36: =IFERROR(__xludf.DUMMYFUNCTION("""COMPUTED_VALUE"""),"ATACADAO POPULAR") -> ATACADAO POPULAR | F36: =IFERROR(__xludf.DUMMYFUNCTION("""COMPUTED_VALUE"""),"TRIFIL") -> TRIFIL | G36: =IFERROR(__xludf.DUMMYFUNCTION("""COMPUTED_VALUE"""),"266802227") -> 266802227 | H36: =IFERROR(__xludf.DUMMYFUNCTION("""COMPUTED_VALUE"""),"1303067") -> 1303067 | I36: =IFERROR(__xludf.DUMMYFUNCTION("""COMPUTED_VALUE"""),"8177077") -> 8177077 | J36: =IFERROR(__xludf.DUMMYFUNCTION("""COMPUTED_VALUE"""),"CIF") -> CIF | K36: =IFERROR(__xludf.DUMMYFUNCTION("""COMPUTED_VALUE"""),"SAO-1") -> SAO-1 | L36: =IFERROR(__xludf.DUMMYFUNCTION("""COMPUTED_VALUE"""),"AUTORIZADO") -> AUTORIZADO | M36: =IFERROR(__xludf.DUMMYFUNCTION("""COMPUTED_VALUE"""),"NA ORIGEM") -> NA ORIGEM | N36: =IFERROR(__xludf.DUMMYFUNCTION("""COMPUTED_VALUE"""),"Antes Prazo") -> Antes Prazo | O36: =IFERROR(__xludf.DUMMYFUNCTION("""COMPUTED_VALUE"""),"B2B") -> B2B | P36: =IFERROR(__xludf.DUMMYFUNCTION("""COMPUTED_VALUE"""),119.2) -> 119.2 | Q36: =IFERROR(__xludf.DUMMYFUNCTION("""COMPUTED_VALUE"""),1.0) -> 1 | R36: =IFERROR(__xludf.DUMMYFUNCTION("""COMPUTED_VALUE"""),"RODO") -> RODO | S36: =IFERROR(__xludf.DUMMYFUNCTION("""COMPUTED_VALUE"""),"ITN") -> ITN | T36: =IFERROR(__xludf.DUMMYFUNCTION("""COMPUTED_VALUE"""),"1") -> 1 | U36: =IFERROR(__xludf.DUMMYFUNCTION("""COMPUTED_VALUE"""),"266802227 1303067 8177077 atacadao popular trifil pvh 1") -> 266802227 1303067 8177077 atacadao popular trifil pvh 1 | V36: =IFERROR(__xludf.DUMMYFUNCTION("""COMPUTED_VALUE"""),FALSE) -> FALSE
A37: =IFERROR(__xludf.DUMMYFUNCTION("""COMPUTED_VALUE"""),46304.0) -> 46304 | B37: =IFERROR(__xludf.DUMMYFUNCTION("""COMPUTED_VALUE"""),46316.0) -> 46316 | C37: =IFERROR(__xludf.DUMMYFUNCTION("""COMPUTED_VALUE"""),7.0) -> 7 | D37: =IFERROR(__xludf.DUMMYFUNCTION("""COMPUTED_VALUE"""),"CWB") -> CWB | E37: =IFERROR(__xludf.DUMMYFUNCTION("""COMPUTED_VALUE"""),"XV MEIAS COMERCIO DE CONFECCOES LTD") -> XV MEIAS COMERCIO DE CONFECCOES LTD | F37: =IFERROR(__xludf.DUMMYFUNCTION("""COMPUTED_VALUE"""),"TRIFIL") -> TRIFIL | G37: =IFERROR(__xludf.DUMMYFUNCTION("""COMPUTED_VALUE"""),"266802228") -> 266802228 | H37: =IFERROR(__xludf.DUMMYFUNCTION("""COMPUTED_VALUE"""),"1306078") -> 1306078 | I37: =IFERROR(__xludf.DUMMYFUNCTION("""COMPUTED_VALUE"""),"8177096") -> 8177096 | J37: =IFERROR(__xludf.DUMMYFUNCTION("""COMPUTED_VALUE"""),"CIF") -> CIF | K37: =IFERROR(__xludf.DUMMYFUNCTION("""COMPUTED_VALUE"""),"FSA-1") -> FSA-1 | L37: =IFERROR(__xludf.DUMMYFUNCTION("""COMPUTED_VALUE"""),"AUTORIZADO") -> AUTORIZADO | M37: =IFERROR(__xludf.DUMMYFUNCTION("""COMPUTED_VALUE"""),"NA ORIGEM") -> NA ORIGEM | N37: =IFERROR(__xludf.DUMMYFUNCTION("""COMPUTED_VALUE"""),"Antes Prazo") -> Antes Prazo | O37: =IFERROR(__xludf.DUMMYFUNCTION("""COMPUTED_VALUE"""),"B2B") -> B2B | P37: =IFERROR(__xludf.DUMMYFUNCTION("""COMPUTED_VALUE"""),55.69) -> 55.69 | Q37: =IFERROR(__xludf.DUMMYFUNCTION("""COMPUTED_VALUE"""),4.0) -> 4 | R37: =IFERROR(__xludf.DUMMYFUNCTION("""COMPUTED_VALUE"""),"RODO") -> RODO | S37: =IFERROR(__xludf.DUMMYFUNCTION("""COMPUTED_VALUE"""),"ITN") -> ITN | T37: =IFERROR(__xludf.DUMMYFUNCTION("""COMPUTED_VALUE"""),"6") -> 6 | U37: =IFERROR(__xludf.DUMMYFUNCTION("""COMPUTED_VALUE"""),"266802228 1306078 8177096 xv meias comercio de confeccoes ltd trifil cwb 6") -> 266802228 1306078 8177096 xv meias comercio de confeccoes ltd trifil cwb 6 | V37: =IFERROR(__xludf.DUMMYFUNCTION("""COMPUTED_VALUE"""),FALSE) -> FALSE
A38: =IFERROR(__xludf.DUMMYFUNCTION("""COMPUTED_VALUE"""),46304.0) -> 46304 | B38: =IFERROR(__xludf.DUMMYFUNCTION("""COMPUTED_VALUE"""),46316.0) -> 46316 | C38: =IFERROR(__xludf.DUMMYFUNCTION("""COMPUTED_VALUE"""),7.0) -> 7 | D38: =IFERROR(__xludf.DUMMYFUNCTION("""COMPUTED_VALUE"""),"CWB") -> CWB | E38: =IFERROR(__xludf.DUMMYFUNCTION("""COMPUTED_VALUE"""),"LUPO SHOPPING CRYSTAL") -> LUPO SHOPPING CRYSTAL | F38: =IFERROR(__xludf.DUMMYFUNCTION("""COMPUTED_VALUE"""),"TRIFIL") -> TRIFIL | G38: =IFERROR(__xludf.DUMMYFUNCTION("""COMPUTED_VALUE"""),"266802229") -> 266802229 | H38: =IFERROR(__xludf.DUMMYFUNCTION("""COMPUTED_VALUE"""),"1305652") -> 1305652 | I38: =IFERROR(__xludf.DUMMYFUNCTION("""COMPUTED_VALUE"""),"8177097") -> 8177097 | J38: =IFERROR(__xludf.DUMMYFUNCTION("""COMPUTED_VALUE"""),"CIF") -> CIF | K38: =IFERROR(__xludf.DUMMYFUNCTION("""COMPUTED_VALUE"""),"FSA-1") -> FSA-1 | L38: =IFERROR(__xludf.DUMMYFUNCTION("""COMPUTED_VALUE"""),"AUTORIZADO") -> AUTORIZADO | M38: =IFERROR(__xludf.DUMMYFUNCTION("""COMPUTED_VALUE"""),"NA ORIGEM") -> NA ORIGEM | N38: =IFERROR(__xludf.DUMMYFUNCTION("""COMPUTED_VALUE"""),"Antes Prazo") -> Antes Prazo | O38: =IFERROR(__xludf.DUMMYFUNCTION("""COMPUTED_VALUE"""),"B2B") -> B2B | P38: =IFERROR(__xludf.DUMMYFUNCTION("""COMPUTED_VALUE"""),60.6) -> 60.6 | Q38: =IFERROR(__xludf.DUMMYFUNCTION("""COMPUTED_VALUE"""),5.0) -> 5 | R38: =IFERROR(__xludf.DUMMYFUNCTION("""COMPUTED_VALUE"""),"RODO") -> RODO | S38: =IFERROR(__xludf.DUMMYFUNCTION("""COMPUTED_VALUE"""),"ITN") -> ITN | T38: =IFERROR(__xludf.DUMMYFUNCTION("""COMPUTED_VALUE"""),"19") -> 19 | U38: =IFERROR(__xludf.DUMMYFUNCTION("""COMPUTED_VALUE"""),"266802229 1305652 8177097 lupo shopping crystal trifil cwb 19") -> 266802229 1305652 8177097 lupo shopping crystal trifil cwb 19 | V38: =IFERROR(__xludf.DUMMYFUNCTION("""COMPUTED_VALUE"""),FALSE) -> FALSE
A39: =IFERROR(__xludf.DUMMYFUNCTION("""COMPUTED_VALUE"""),46304.0) -> 46304 | B39: =IFERROR(__xludf.DUMMYFUNCTION("""COMPUTED_VALUE"""),46325.0) -> 46325 | C39: =IFERROR(__xludf.DUMMYFUNCTION("""COMPUTED_VALUE"""),14.0) -> 14 | D39: =IFERROR(__xludf.DUMMYFUNCTION("""COMPUTED_VALUE"""),"GPB") -> GPB | E39: =IFERROR(__xludf.DUMMYFUNCTION("""COMPUTED_VALUE"""),"POLO MULTIMARCAS LTDA") -> POLO MULTIMARCAS LTDA | F39: =IFERROR(__xludf.DUMMYFUNCTION("""COMPUTED_VALUE"""),"TRIFIL") -> TRIFIL | G39: =IFERROR(__xludf.DUMMYFUNCTION("""COMPUTED_VALUE"""),"266802230") -> 266802230 | H39: =IFERROR(__xludf.DUMMYFUNCTION("""COMPUTED_VALUE"""),"1305832") -> 1305832 | I39: =IFERROR(__xludf.DUMMYFUNCTION("""COMPUTED_VALUE"""),"8177098") -> 8177098 | J39: =IFERROR(__xludf.DUMMYFUNCTION("""COMPUTED_VALUE"""),"CIF") -> CIF | K39: =IFERROR(__xludf.DUMMYFUNCTION("""COMPUTED_VALUE"""),"FSA-1") -> FSA-1 | L39: =IFERROR(__xludf.DUMMYFUNCTION("""COMPUTED_VALUE"""),"AUTORIZADO") -> AUTORIZADO | M39: =IFERROR(__xludf.DUMMYFUNCTION("""COMPUTED_VALUE"""),"NA ORIGEM") -> NA ORIGEM | N39: =IFERROR(__xludf.DUMMYFUNCTION("""COMPUTED_VALUE"""),"Antes Prazo") -> Antes Prazo | O39: =IFERROR(__xludf.DUMMYFUNCTION("""COMPUTED_VALUE"""),"B2B") -> B2B | P39: =IFERROR(__xludf.DUMMYFUNCTION("""COMPUTED_VALUE"""),62.65) -> 62.65 | Q39: =IFERROR(__xludf.DUMMYFUNCTION("""COMPUTED_VALUE"""),4.0) -> 4 | R39: =IFERROR(__xludf.DUMMYFUNCTION("""COMPUTED_VALUE"""),"RODO") -> RODO | S39: =IFERROR(__xludf.DUMMYFUNCTION("""COMPUTED_VALUE"""),"ITN") -> ITN | T39: =IFERROR(__xludf.DUMMYFUNCTION("""COMPUTED_VALUE"""),"102") -> 102 | U39: =IFERROR(__xludf.DUMMYFUNCTION("""COMPUTED_VALUE"""),"266802230 1305832 8177098 polo multimarcas ltda trifil gpb 102") -> 266802230 1305832 8177098 polo multimarcas ltda trifil gpb 102 | V39: =IFERROR(__xludf.DUMMYFUNCTION("""COMPUTED_VALUE"""),FALSE) -> FALSE
A40: =IFERROR(__xludf.DUMMYFUNCTION("""COMPUTED_VALUE"""),46304.0) -> 46304 | B40: =IFERROR(__xludf.DUMMYFUNCTION("""COMPUTED_VALUE"""),46323.0) -> 46323 | C40: =IFERROR(__xludf.DUMMYFUNCTION("""COMPUTED_VALUE"""),12.0) -> 12 | D40: =IFERROR(__xludf.DUMMYFUNCTION("""COMPUTED_VALUE"""),"JOI") -> JOI | E40: =IFERROR(__xludf.DUMMYFUNCTION("""COMPUTED_VALUE"""),"MAFRA CENTER COMERCIO DE ROUPAS EIRELI M") -> MAFRA CENTER COMERCIO DE ROUPAS EIRELI M | F40: =IFERROR(__xludf.DUMMYFUNCTION("""COMPUTED_VALUE"""),"TRIFIL") -> TRIFIL | G40: =IFERROR(__xludf.DUMMYFUNCTION("""COMPUTED_VALUE"""),"266802231") -> 266802231 | H40: =IFERROR(__xludf.DUMMYFUNCTION("""COMPUTED_VALUE"""),"1305777") -> 1305777 | I40: =IFERROR(__xludf.DUMMYFUNCTION("""COMPUTED_VALUE"""),"8177080") -> 8177080 | J40: =IFERROR(__xludf.DUMMYFUNCTION("""COMPUTED_VALUE"""),"CIF") -> CIF | K40: =IFERROR(__xludf.DUMMYFUNCTION("""COMPUTED_VALUE"""),"FSA-1") -> FSA-1 | L40: =IFERROR(__xludf.DUMMYFUNCTION("""COMPUTED_VALUE"""),"AUTORIZADO") -> AUTORIZADO | M40: =IFERROR(__xludf.DUMMYFUNCTION("""COMPUTED_VALUE"""),"NA ORIGEM") -> NA ORIGEM | N40: =IFERROR(__xludf.DUMMYFUNCTION("""COMPUTED_VALUE"""),"Antes Prazo") -> Antes Prazo | O40: =IFERROR(__xludf.DUMMYFUNCTION("""COMPUTED_VALUE"""),"B2B") -> B2B | P40: =IFERROR(__xludf.DUMMYFUNCTION("""COMPUTED_VALUE"""),90.12) -> 90.12 | Q40: =IFERROR(__xludf.DUMMYFUNCTION("""COMPUTED_VALUE"""),17.0) -> 17 | R40: =IFERROR(__xludf.DUMMYFUNCTION("""COMPUTED_VALUE"""),"RODO") -> RODO | S40: =IFERROR(__xludf.DUMMYFUNCTION("""COMPUTED_VALUE"""),"ITN") -> ITN | T40: =IFERROR(__xludf.DUMMYFUNCTION("""COMPUTED_VALUE"""),"104") -> 104 | U40: =IFERROR(__xludf.DUMMYFUNCTION("""COMPUTED_VALUE"""),"266802231 1305777 8177080 mafra center comercio de roupas eireli m trifil joi 104") -> 266802231 1305777 8177080 mafra center comercio de roupas eireli m trifil joi 104 | V40: =IFERROR(__xludf.DUMMYFUNCTION("""COMPUTED_VALUE"""),FALSE) -> FALSE
A41: =IFERROR(__xludf.DUMMYFUNCTION("""COMPUTED_VALUE"""),46304.0) -> 46304 | B41: =IFERROR(__xludf.DUMMYFUNCTION("""COMPUTED_VALUE"""),46317.0) -> 46317 | C41: =IFERROR(__xludf.DUMMYFUNCTION("""COMPUTED_VALUE"""),8.0) -> 8 | D41: =IFERROR(__xludf.DUMMYFUNCTION("""COMPUTED_VALUE"""),"POA") -> POA | E41: =IFERROR(__xludf.DUMMYFUNCTION("""COMPUTED_VALUE"""),"LUPO - SHOPPING TOTAL") -> LUPO - SHOPPING TOTAL | F41: =IFERROR(__xludf.DUMMYFUNCTION("""COMPUTED_VALUE"""),"TRIFIL") -> TRIFIL | G41: =IFERROR(__xludf.DUMMYFUNCTION("""COMPUTED_VALUE"""),"266802232") -> 266802232 | H41: =IFERROR(__xludf.DUMMYFUNCTION("""COMPUTED_VALUE"""),"1306080, 1306081") -> 1306080, 1306081 | I41: =IFERROR(__xludf.DUMMYFUNCTION("""COMPUTED_VALUE"""),"8177105") -> 8177105 | J41: =IFERROR(__xludf.DUMMYFUNCTION("""COMPUTED_VALUE"""),"CIF") -> CIF | K41: =IFERROR(__xludf.DUMMYFUNCTION("""COMPUTED_VALUE"""),"FSA-1") -> FSA-1 | L41: =IFERROR(__xludf.DUMMYFUNCTION("""COMPUTED_VALUE"""),"AUTORIZADO") -> AUTORIZADO | M41: =IFERROR(__xludf.DUMMYFUNCTION("""COMPUTED_VALUE"""),"NA ORIGEM") -> NA ORIGEM | N41: =IFERROR(__xludf.DUMMYFUNCTION("""COMPUTED_VALUE"""),"Antes Prazo") -> Antes Prazo | O41: =IFERROR(__xludf.DUMMYFUNCTION("""COMPUTED_VALUE"""),"B2B") -> B2B | P41: =IFERROR(__xludf.DUMMYFUNCTION("""COMPUTED_VALUE"""),76.76) -> 76.76 | Q41: =IFERROR(__xludf.DUMMYFUNCTION("""COMPUTED_VALUE"""),5.0) -> 5 | R41: =IFERROR(__xludf.DUMMYFUNCTION("""COMPUTED_VALUE"""),"RODO") -> RODO | S41: =IFERROR(__xludf.DUMMYFUNCTION("""COMPUTED_VALUE"""),"ITN") -> ITN | T41: =IFERROR(__xludf.DUMMYFUNCTION("""COMPUTED_VALUE"""),"87") -> 87 | U41: =IFERROR(__xludf.DUMMYFUNCTION("""COMPUTED_VALUE"""),"266802232 1306080, 1306081 8177105 lupo - shopping total trifil poa 87") -> 266802232 1306080, 1306081 8177105 lupo - shopping total trifil poa 87 | V41: =IFERROR(__xludf.DUMMYFUNCTION("""COMPUTED_VALUE"""),FALSE) -> FALSE
A42: =IFERROR(__xludf.DUMMYFUNCTION("""COMPUTED_VALUE"""),46304.0) -> 46304 | B42: =IFERROR(__xludf.DUMMYFUNCTION("""COMPUTED_VALUE"""),46317.0) -> 46317 | C42: =IFERROR(__xludf.DUMMYFUNCTION("""COMPUTED_VALUE"""),8.0) -> 8 | D42: =IFERROR(__xludf.DUMMYFUNCTION("""COMPUTED_VALUE"""),"POA") -> POA | E42: =IFERROR(__xludf.DUMMYFUNCTION("""COMPUTED_VALUE"""),"LUPO PRAIA DE BELAS") -> LUPO PRAIA DE BELAS | F42: =IFERROR(__xludf.DUMMYFUNCTION("""COMPUTED_VALUE"""),"TRIFIL") -> TRIFIL | G42: =IFERROR(__xludf.DUMMYFUNCTION("""COMPUTED_VALUE"""),"266802233") -> 266802233 | H42: =IFERROR(__xludf.DUMMYFUNCTION("""COMPUTED_VALUE"""),"1306079") -> 1306079 | I42: =IFERROR(__xludf.DUMMYFUNCTION("""COMPUTED_VALUE"""),"8177099") -> 8177099 | J42: =IFERROR(__xludf.DUMMYFUNCTION("""COMPUTED_VALUE"""),"CIF") -> CIF | K42: =IFERROR(__xludf.DUMMYFUNCTION("""COMPUTED_VALUE"""),"FSA-1") -> FSA-1 | L42: =IFERROR(__xludf.DUMMYFUNCTION("""COMPUTED_VALUE"""),"AUTORIZADO") -> AUTORIZADO | M42: =IFERROR(__xludf.DUMMYFUNCTION("""COMPUTED_VALUE"""),"NA ORIGEM") -> NA ORIGEM | N42: =IFERROR(__xludf.DUMMYFUNCTION("""COMPUTED_VALUE"""),"Antes Prazo") -> Antes Prazo | O42: =IFERROR(__xludf.DUMMYFUNCTION("""COMPUTED_VALUE"""),"B2B") -> B2B | P42: =IFERROR(__xludf.DUMMYFUNCTION("""COMPUTED_VALUE"""),60.04) -> 60.04 | Q42: =IFERROR(__xludf.DUMMYFUNCTION("""COMPUTED_VALUE"""),2.0) -> 2 | R42: =IFERROR(__xludf.DUMMYFUNCTION("""COMPUTED_VALUE"""),"RODO") -> RODO | S42: =IFERROR(__xludf.DUMMYFUNCTION("""COMPUTED_VALUE"""),"ITN") -> ITN | T42: =IFERROR(__xludf.DUMMYFUNCTION("""COMPUTED_VALUE"""),"22") -> 22 | U42: =IFERROR(__xludf.DUMMYFUNCTION("""COMPUTED_VALUE"""),"266802233 1306079 8177099 lupo praia de belas trifil poa 22") -> 266802233 1306079 8177099 lupo praia de belas trifil poa 22 | V42: =IFERROR(__xludf.DUMMYFUNCTION("""COMPUTED_VALUE"""),FALSE) -> FALSE
A43: =IFERROR(__xludf.DUMMYFUNCTION("""COMPUTED_VALUE"""),46304.0) -> 46304 | B43: =IFERROR(__xludf.DUMMYFUNCTION("""COMPUTED_VALUE"""),46317.0) -> 46317 | C43: =IFERROR(__xludf.DUMMYFUNCTION("""COMPUTED_VALUE"""),8.0) -> 8 | D43: =IFERROR(__xludf.DUMMYFUNCTION("""COMPUTED_VALUE"""),"POA") -> POA | E43: =IFERROR(__xludf.DUMMYFUNCTION("""COMPUTED_VALUE"""),"LUPO IGUATEMI") -> LUPO IGUATEMI | F43: =IFERROR(__xludf.DUMMYFUNCTION("""COMPUTED_VALUE"""),"TRIFIL") -> TRIFIL | G43: =IFERROR(__xludf.DUMMYFUNCTION("""COMPUTED_VALUE"""),"266802234") -> 266802234 | H43: =IFERROR(__xludf.DUMMYFUNCTION("""COMPUTED_VALUE"""),"1306082") -> 1306082 | I43: =IFERROR(__xludf.DUMMYFUNCTION("""COMPUTED_VALUE"""),"8177100") -> 8177100 | J43: =IFERROR(__xludf.DUMMYFUNCTION("""COMPUTED_VALUE"""),"CIF") -> CIF | K43: =IFERROR(__xludf.DUMMYFUNCTION("""COMPUTED_VALUE"""),"FSA-1") -> FSA-1 | L43: =IFERROR(__xludf.DUMMYFUNCTION("""COMPUTED_VALUE"""),"AUTORIZADO") -> AUTORIZADO | M43: =IFERROR(__xludf.DUMMYFUNCTION("""COMPUTED_VALUE"""),"NA ORIGEM") -> NA ORIGEM | N43: =IFERROR(__xludf.DUMMYFUNCTION("""COMPUTED_VALUE"""),"Antes Prazo") -> Antes Prazo | O43: =IFERROR(__xludf.DUMMYFUNCTION("""COMPUTED_VALUE"""),"B2B") -> B2B | P43: =IFERROR(__xludf.DUMMYFUNCTION("""COMPUTED_VALUE"""),60.04) -> 60.04 | Q43: =IFERROR(__xludf.DUMMYFUNCTION("""COMPUTED_VALUE"""),3.0) -> 3 | R43: =IFERROR(__xludf.DUMMYFUNCTION("""COMPUTED_VALUE"""),"RODO") -> RODO | S43: =IFERROR(__xludf.DUMMYFUNCTION("""COMPUTED_VALUE"""),"ITN") -> ITN | T43: =IFERROR(__xludf.DUMMYFUNCTION("""COMPUTED_VALUE"""),"80") -> 80 | U43: =IFERROR(__xludf.DUMMYFUNCTION("""COMPUTED_VALUE"""),"266802234 1306082 8177100 lupo iguatemi trifil poa 80") -> 266802234 1306082 8177100 lupo iguatemi trifil poa 80 | V43: =IFERROR(__xludf.DUMMYFUNCTION("""COMPUTED_VALUE"""),FALSE) -> FALSE
A44: =IFERROR(__xludf.DUMMYFUNCTION("""COMPUTED_VALUE"""),46304.0) -> 46304 | B44: =IFERROR(__xludf.DUMMYFUNCTION("""COMPUTED_VALUE"""),46317.0) -> 46317 | C44: =IFERROR(__xludf.DUMMYFUNCTION("""COMPUTED_VALUE"""),8.0) -> 8 | D44: =IFERROR(__xludf.DUMMYFUNCTION("""COMPUTED_VALUE"""),"QHV") -> QHV | E44: =IFERROR(__xludf.DUMMYFUNCTION("""COMPUTED_VALUE"""),"Composto 8 Comercio doVestuario Eireli") -> Composto 8 Comercio doVestuario Eireli | F44: =IFERROR(__xludf.DUMMYFUNCTION("""COMPUTED_VALUE"""),"TRIFIL") -> TRIFIL | G44: =IFERROR(__xludf.DUMMYFUNCTION("""COMPUTED_VALUE"""),"266802235") -> 266802235 | H44: =IFERROR(__xludf.DUMMYFUNCTION("""COMPUTED_VALUE"""),"1303877") -> 1303877 | I44: =IFERROR(__xludf.DUMMYFUNCTION("""COMPUTED_VALUE"""),"8177109") -> 8177109 | J44: =IFERROR(__xludf.DUMMYFUNCTION("""COMPUTED_VALUE"""),"CIF") -> CIF | K44: =IFERROR(__xludf.DUMMYFUNCTION("""COMPUTED_VALUE"""),"FSA-1") -> FSA-1 | L44: =IFERROR(__xludf.DUMMYFUNCTION("""COMPUTED_VALUE"""),"AUTORIZADO") -> AUTORIZADO | M44: =IFERROR(__xludf.DUMMYFUNCTION("""COMPUTED_VALUE"""),"NA ORIGEM") -> NA ORIGEM | N44: =IFERROR(__xludf.DUMMYFUNCTION("""COMPUTED_VALUE"""),"Antes Prazo") -> Antes Prazo | O44: =IFERROR(__xludf.DUMMYFUNCTION("""COMPUTED_VALUE"""),"B2B") -> B2B | P44: =IFERROR(__xludf.DUMMYFUNCTION("""COMPUTED_VALUE"""),570.9) -> 570.9 | Q44: =IFERROR(__xludf.DUMMYFUNCTION("""COMPUTED_VALUE"""),46.0) -> 46 | R44: =IFERROR(__xludf.DUMMYFUNCTION("""COMPUTED_VALUE"""),"RODO") -> RODO | S44: =IFERROR(__xludf.DUMMYFUNCTION("""COMPUTED_VALUE"""),"ITN") -> ITN | T44: =IFERROR(__xludf.DUMMYFUNCTION("""COMPUTED_VALUE"""),"6") -> 6 | U44: =IFERROR(__xludf.DUMMYFUNCTION("""COMPUTED_VALUE"""),"266802235 1303877 8177109 composto 8 comercio dovestuario eireli trifil qhv 6") -> 266802235 1303877 8177109 composto 8 comercio dovestuario eireli trifil qhv 6 | V44: =IFERROR(__xludf.DUMMYFUNCTION("""COMPUTED_VALUE"""),FALSE) -> FALSE
A45: =IFERROR(__xludf.DUMMYFUNCTION("""COMPUTED_VALUE"""),46304.0) -> 46304 | B45: =IFERROR(__xludf.DUMMYFUNCTION("""COMPUTED_VALUE"""),46322.0) -> 46322 | C45: =IFERROR(__xludf.DUMMYFUNCTION("""COMPUTED_VALUE"""),11.0) -> 11 | D45: =IFERROR(__xludf.DUMMYFUNCTION("""COMPUTED_VALUE"""),"CXJ") -> CXJ | E45: =IFERROR(__xludf.DUMMYFUNCTION("""COMPUTED_VALUE"""),"N&J ZHU COM VAR DE ACESS PRES ELETRO") -> N&J ZHU COM VAR DE ACESS PRES ELETRO | F45: =IFERROR(__xludf.DUMMYFUNCTION("""COMPUTED_VALUE"""),"TRIFIL") -> TRIFIL | G45: =IFERROR(__xludf.DUMMYFUNCTION("""COMPUTED_VALUE"""),"266802236") -> 266802236 | H45: =IFERROR(__xludf.DUMMYFUNCTION("""COMPUTED_VALUE"""),"1305988") -> 1305988 | I45: =IFERROR(__xludf.DUMMYFUNCTION("""COMPUTED_VALUE"""),"8177081") -> 8177081 | J45: =IFERROR(__xludf.DUMMYFUNCTION("""COMPUTED_VALUE"""),"CIF") -> CIF | K45: =IFERROR(__xludf.DUMMYFUNCTION("""COMPUTED_VALUE"""),"FSA-1") -> FSA-1 | L45: =IFERROR(__xludf.DUMMYFUNCTION("""COMPUTED_VALUE"""),"AUTORIZADO") -> AUTORIZADO | M45: =IFERROR(__xludf.DUMMYFUNCTION("""COMPUTED_VALUE"""),"NA ORIGEM") -> NA ORIGEM | N45: =IFERROR(__xludf.DUMMYFUNCTION("""COMPUTED_VALUE"""),"Antes Prazo") -> Antes Prazo | O45: =IFERROR(__xludf.DUMMYFUNCTION("""COMPUTED_VALUE"""),"B2B") -> B2B | P45: =IFERROR(__xludf.DUMMYFUNCTION("""COMPUTED_VALUE"""),79.47) -> 79.47 | Q45: =IFERROR(__xludf.DUMMYFUNCTION("""COMPUTED_VALUE"""),3.0) -> 3 | R45: =IFERROR(__xludf.DUMMYFUNCTION("""COMPUTED_VALUE"""),"RODO") -> RODO | S45: =IFERROR(__xludf.DUMMYFUNCTION("""COMPUTED_VALUE"""),"ITN") -> ITN | T45: =IFERROR(__xludf.DUMMYFUNCTION("""COMPUTED_VALUE"""),"500") -> 500 | U45: =IFERROR(__xludf.DUMMYFUNCTION("""COMPUTED_VALUE"""),"266802236 1305988 8177081 n&j zhu com var de acess pres eletro trifil cxj 500") -> 266802236 1305988 8177081 n&j zhu com var de acess pres eletro trifil cxj 500 | V45: =IFERROR(__xludf.DUMMYFUNCTION("""COMPUTED_VALUE"""),FALSE) -> FALSE
A46: =IFERROR(__xludf.DUMMYFUNCTION("""COMPUTED_VALUE"""),46304.0) -> 46304 | B46: =IFERROR(__xludf.DUMMYFUNCTION("""COMPUTED_VALUE"""),46316.0) -> 46316 | C46: =IFERROR(__xludf.DUMMYFUNCTION("""COMPUTED_VALUE"""),7.0) -> 7 | D46: =IFERROR(__xludf.DUMMYFUNCTION("""COMPUTED_VALUE"""),"CCT") -> CCT | E46: =IFERROR(__xludf.DUMMYFUNCTION("""COMPUTED_VALUE"""),"PERFUMARIA PRINCESA DE SAO BENTO LTD") -> PERFUMARIA PRINCESA DE SAO BENTO LTD | F46: =IFERROR(__xludf.DUMMYFUNCTION("""COMPUTED_VALUE"""),"TRIFIL") -> TRIFIL | G46: =IFERROR(__xludf.DUMMYFUNCTION("""COMPUTED_VALUE"""),"266803260") -> 266803260 | H46: =IFERROR(__xludf.DUMMYFUNCTION("""COMPUTED_VALUE"""),"1305542") -> 1305542 | I46: =IFERROR(__xludf.DUMMYFUNCTION("""COMPUTED_VALUE"""),"8176840") -> 8176840 | J46: =IFERROR(__xludf.DUMMYFUNCTION("""COMPUTED_VALUE"""),"CIF") -> CIF | K46: =IFERROR(__xludf.DUMMYFUNCTION("""COMPUTED_VALUE"""),"(sem célula)") -> (sem célula) | L46: =IFERROR(__xludf.DUMMYFUNCTION("""COMPUTED_VALUE"""),"AUTORIZADO") -> AUTORIZADO | M46: =IFERROR(__xludf.DUMMYFUNCTION("""COMPUTED_VALUE"""),"NA ORIGEM") -> NA ORIGEM | N46: =IFERROR(__xludf.DUMMYFUNCTION("""COMPUTED_VALUE"""),"Antes Prazo") -> Antes Prazo | O46: =IFERROR(__xludf.DUMMYFUNCTION("""COMPUTED_VALUE"""),"B2B") -> B2B | P46: =IFERROR(__xludf.DUMMYFUNCTION("""COMPUTED_VALUE"""),45.49) -> 45.49 | Q46: =IFERROR(__xludf.DUMMYFUNCTION("""COMPUTED_VALUE"""),1.0) -> 1 | R46: =IFERROR(__xludf.DUMMYFUNCTION("""COMPUTED_VALUE"""),"RODO") -> RODO | S46: =IFERROR(__xludf.DUMMYFUNCTION("""COMPUTED_VALUE"""),"ITN") -> ITN | T46: =IFERROR(__xludf.DUMMYFUNCTION("""COMPUTED_VALUE"""),"104") -> 104 | U46: =IFERROR(__xludf.DUMMYFUNCTION("""COMPUTED_VALUE"""),"266803260 1305542 8176840 perfumaria princesa de sao bento ltd trifil cct 104") -> 266803260 1305542 8176840 perfumaria princesa de sao bento ltd trifil cct 104 | V46: =IFERROR(__xludf.DUMMYFUNCTION("""COMPUTED_VALUE"""),FALSE) -> FALSE
A47: =IFERROR(__xludf.DUMMYFUNCTION("""COMPUTED_VALUE"""),46304.0) -> 46304 | B47: =IFERROR(__xludf.DUMMYFUNCTION("""COMPUTED_VALUE"""),46316.0) -> 46316 | C47: =IFERROR(__xludf.DUMMYFUNCTION("""COMPUTED_VALUE"""),7.0) -> 7 | D47: =IFERROR(__xludf.DUMMYFUNCTION("""COMPUTED_VALUE"""),"SJK") -> SJK | E47: =IFERROR(__xludf.DUMMYFUNCTION("""COMPUTED_VALUE"""),"J A DE C KAKO - ME") -> J A DE C KAKO - ME | F47: =IFERROR(__xludf.DUMMYFUNCTION("""COMPUTED_VALUE"""),"TRIFIL") -> TRIFIL | G47: =IFERROR(__xludf.DUMMYFUNCTION("""COMPUTED_VALUE"""),"266803261") -> 266803261 | H47: =IFERROR(__xludf.DUMMYFUNCTION("""COMPUTED_VALUE"""),"1305461") -> 1305461 | I47: =IFERROR(__xludf.DUMMYFUNCTION("""COMPUTED_VALUE"""),"8176960") -> 8176960 | J47: =IFERROR(__xludf.DUMMYFUNCTION("""COMPUTED_VALUE"""),"CIF") -> CIF | K47: =IFERROR(__xludf.DUMMYFUNCTION("""COMPUTED_VALUE"""),"(sem célula)") -> (sem célula) | L47: =IFERROR(__xludf.DUMMYFUNCTION("""COMPUTED_VALUE"""),"AUTORIZADO") -> AUTORIZADO | M47: =IFERROR(__xludf.DUMMYFUNCTION("""COMPUTED_VALUE"""),"NA ORIGEM") -> NA ORIGEM | N47: =IFERROR(__xludf.DUMMYFUNCTION("""COMPUTED_VALUE"""),"Antes Prazo") -> Antes Prazo | O47: =IFERROR(__xludf.DUMMYFUNCTION("""COMPUTED_VALUE"""),"B2B") -> B2B | P47: =IFERROR(__xludf.DUMMYFUNCTION("""COMPUTED_VALUE"""),38.46) -> 38.46 | Q47: =IFERROR(__xludf.DUMMYFUNCTION("""COMPUTED_VALUE"""),1.0) -> 1 | R47: =IFERROR(__xludf.DUMMYFUNCTION("""COMPUTED_VALUE"""),"RODO") -> RODO | S47: =IFERROR(__xludf.DUMMYFUNCTION("""COMPUTED_VALUE"""),"ITN") -> ITN | T47: =IFERROR(__xludf.DUMMYFUNCTION("""COMPUTED_VALUE"""),"104") -> 104 | U47: =IFERROR(__xludf.DUMMYFUNCTION("""COMPUTED_VALUE"""),"266803261 1305461 8176960 j a de c kako - me trifil sjk 104") -> 266803261 1305461 8176960 j a de c kako - me trifil sjk 104 | V47: =IFERROR(__xludf.DUMMYFUNCTION("""COMPUTED_VALUE"""),FALSE) -> FALSE
A48: =IFERROR(__xludf.DUMMYFUNCTION("""COMPUTED_VALUE"""),46304.0) -> 46304 | B48: =IFERROR(__xludf.DUMMYFUNCTION("""COMPUTED_VALUE"""),46316.0) -> 46316 | C48: =IFERROR(__xludf.DUMMYFUNCTION("""COMPUTED_VALUE"""),7.0) -> 7 | D48: =IFERROR(__xludf.DUMMYFUNCTION("""COMPUTED_VALUE"""),"SJK") -> SJK | E48: =IFERROR(__xludf.DUMMYFUNCTION("""COMPUTED_VALUE"""),"LUPO VALE SUL") -> LUPO VALE SUL | F48: =IFERROR(__xludf.DUMMYFUNCTION("""COMPUTED_VALUE"""),"TRIFIL") -> TRIFIL | G48: =IFERROR(__xludf.DUMMYFUNCTION("""COMPUTED_VALUE"""),"266803262") -> 266803262 | H48: =IFERROR(__xludf.DUMMYFUNCTION("""COMPUTED_VALUE"""),"1305581") -> 1305581 | I48: =IFERROR(__xludf.DUMMYFUNCTION("""COMPUTED_VALUE"""),"8176961") -> 8176961 | J48: =IFERROR(__xludf.DUMMYFUNCTION("""COMPUTED_VALUE"""),"CIF") -> CIF | K48: =IFERROR(__xludf.DUMMYFUNCTION("""COMPUTED_VALUE"""),"SAO-1") -> SAO-1 | L48: =IFERROR(__xludf.DUMMYFUNCTION("""COMPUTED_VALUE"""),"AUTORIZADO") -> AUTORIZADO | M48: =IFERROR(__xludf.DUMMYFUNCTION("""COMPUTED_VALUE"""),"NA ORIGEM") -> NA ORIGEM | N48: =IFERROR(__xludf.DUMMYFUNCTION("""COMPUTED_VALUE"""),"Antes Prazo") -> Antes Prazo | O48: =IFERROR(__xludf.DUMMYFUNCTION("""COMPUTED_VALUE"""),"B2B") -> B2B | P48: =IFERROR(__xludf.DUMMYFUNCTION("""COMPUTED_VALUE"""),38.46) -> 38.46 | Q48: =IFERROR(__xludf.DUMMYFUNCTION("""COMPUTED_VALUE"""),2.0) -> 2 | R48: =IFERROR(__xludf.DUMMYFUNCTION("""COMPUTED_VALUE"""),"RODO") -> RODO | S48: =IFERROR(__xludf.DUMMYFUNCTION("""COMPUTED_VALUE"""),"ITN") -> ITN | T48: =IFERROR(__xludf.DUMMYFUNCTION("""COMPUTED_VALUE"""),"6") -> 6 | U48: =IFERROR(__xludf.DUMMYFUNCTION("""COMPUTED_VALUE"""),"266803262 1305581 8176961 lupo vale sul trifil sjk 6") -> 266803262 1305581 8176961 lupo vale sul trifil sjk 6 | V48: =IFERROR(__xludf.DUMMYFUNCTION("""COMPUTED_VALUE"""),FALSE) -> FALSE
A49: =IFERROR(__xludf.DUMMYFUNCTION("""COMPUTED_VALUE"""),46304.0) -> 46304 | B49: =IFERROR(__xludf.DUMMYFUNCTION("""COMPUTED_VALUE"""),46316.0) -> 46316 | C49: =IFERROR(__xludf.DUMMYFUNCTION("""COMPUTED_VALUE"""),7.0) -> 7 | D49: =IFERROR(__xludf.DUMMYFUNCTION("""COMPUTED_VALUE"""),"SJK") -> SJK | E49: =IFERROR(__xludf.DUMMYFUNCTION("""COMPUTED_VALUE"""),"FLOR D'ELIS") -> FLOR D'ELIS | F49: =IFERROR(__xludf.DUMMYFUNCTION("""COMPUTED_VALUE"""),"TRIFIL") -> TRIFIL | G49: =IFERROR(__xludf.DUMMYFUNCTION("""COMPUTED_VALUE"""),"266803264") -> 266803264 | H49: =IFERROR(__xludf.DUMMYFUNCTION("""COMPUTED_VALUE"""),"1305923") -> 1305923 | I49: =IFERROR(__xludf.DUMMYFUNCTION("""COMPUTED_VALUE"""),"8176747") -> 8176747 | J49: =IFERROR(__xludf.DUMMYFUNCTION("""COMPUTED_VALUE"""),"CIF") -> CIF | K49: =IFERROR(__xludf.DUMMYFUNCTION("""COMPUTED_VALUE"""),"SAO-1") -> SAO-1 | L49: =IFERROR(__xludf.DUMMYFUNCTION("""COMPUTED_VALUE"""),"AUTORIZADO") -> AUTORIZADO | M49: =IFERROR(__xludf.DUMMYFUNCTION("""COMPUTED_VALUE"""),"NA ORIGEM") -> NA ORIGEM | N49: =IFERROR(__xludf.DUMMYFUNCTION("""COMPUTED_VALUE"""),"Antes Prazo") -> Antes Prazo | O49: =IFERROR(__xludf.DUMMYFUNCTION("""COMPUTED_VALUE"""),"B2B") -> B2B | P49: =IFERROR(__xludf.DUMMYFUNCTION("""COMPUTED_VALUE"""),38.46) -> 38.46 | Q49: =IFERROR(__xludf.DUMMYFUNCTION("""COMPUTED_VALUE"""),1.0) -> 1 | R49: =IFERROR(__xludf.DUMMYFUNCTION("""COMPUTED_VALUE"""),"RODO") -> RODO | S49: =IFERROR(__xludf.DUMMYFUNCTION("""COMPUTED_VALUE"""),"ITN") -> ITN | T49: =IFERROR(__xludf.DUMMYFUNCTION("""COMPUTED_VALUE"""),"3") -> 3 | U49: =IFERROR(__xludf.DUMMYFUNCTION("""COMPUTED_VALUE"""),"266803264 1305923 8176747 flor d'elis trifil sjk 3") -> 266803264 1305923 8176747 flor d'elis trifil sjk 3 | V49: =IFERROR(__xludf.DUMMYFUNCTION("""COMPUTED_VALUE"""),FALSE) -> FALSE
A50: =IFERROR(__xludf.DUMMYFUNCTION("""COMPUTED_VALUE"""),46304.0) -> 46304 | B50: =IFERROR(__xludf.DUMMYFUNCTION("""COMPUTED_VALUE"""),46316.0) -> 46316 | C50: =IFERROR(__xludf.DUMMYFUNCTION("""COMPUTED_VALUE"""),7.0) -> 7 | D50: =IFERROR(__xludf.DUMMYFUNCTION("""COMPUTED_VALUE"""),"SJK") -> SJK | E50: =IFERROR(__xludf.DUMMYFUNCTION("""COMPUTED_VALUE"""),"COMERCIAL VALUTTI LTDA") -> COMERCIAL VALUTTI LTDA | F50: =IFERROR(__xludf.DUMMYFUNCTION("""COMPUTED_VALUE"""),"TRIFIL") -> TRIFIL | G50: =IFERROR(__xludf.DUMMYFUNCTION("""COMPUTED_VALUE"""),"266803266") -> 266803266 | H50: =IFERROR(__xludf.DUMMYFUNCTION("""COMPUTED_VALUE"""),"1305731") -> 1305731 | I50: =IFERROR(__xludf.DUMMYFUNCTION("""COMPUTED_VALUE"""),"8176962") -> 8176962 | J50: =IFERROR(__xludf.DUMMYFUNCTION("""COMPUTED_VALUE"""),"CIF") -> CIF | K50: =IFERROR(__xludf.DUMMYFUNCTION("""COMPUTED_VALUE"""),"SAO-1") -> SAO-1 | L50: =IFERROR(__xludf.DUMMYFUNCTION("""COMPUTED_VALUE"""),"AUTORIZADO") -> AUTORIZADO | M50: =IFERROR(__xludf.DUMMYFUNCTION("""COMPUTED_VALUE"""),"NA ORIGEM") -> NA ORIGEM | N50: =IFERROR(__xludf.DUMMYFUNCTION("""COMPUTED_VALUE"""),"Antes Prazo") -> Antes Prazo | O50: =IFERROR(__xludf.DUMMYFUNCTION("""COMPUTED_VALUE"""),"B2B") -> B2B | P50: =IFERROR(__xludf.DUMMYFUNCTION("""COMPUTED_VALUE"""),38.46) -> 38.46 | Q50: =IFERROR(__xludf.DUMMYFUNCTION("""COMPUTED_VALUE"""),1.0) -> 1 | R50: =IFERROR(__xludf.DUMMYFUNCTION("""COMPUTED_VALUE"""),"RODO") -> RODO | S50: =IFERROR(__xludf.DUMMYFUNCTION("""COMPUTED_VALUE"""),"ITN") -> ITN | T50: =IFERROR(__xludf.DUMMYFUNCTION("""COMPUTED_VALUE"""),"3") -> 3 | U50: =IFERROR(__xludf.DUMMYFUNCTION("""COMPUTED_VALUE"""),"266803266 1305731 8176962 comercial valutti ltda trifil sjk 3") -> 266803266 1305731 8176962 comercial valutti ltda trifil sjk 3 | V50: =IFERROR(__xludf.DUMMYFUNCTION("""COMPUTED_VALUE"""),FALSE) -> FALSE
A51: =IFERROR(__xludf.DUMMYFUNCTION("""COMPUTED_VALUE"""),46304.0) -> 46304 | B51: =IFERROR(__xludf.DUMMYFUNCTION("""COMPUTED_VALUE"""),46316.0) -> 46316 | C51: =IFERROR(__xludf.DUMMYFUNCTION("""COMPUTED_VALUE"""),7.0) -> 7 | D51: =IFERROR(__xludf.DUMMYFUNCTION("""COMPUTED_VALUE"""),"SJK") -> SJK | E51: =IFERROR(__xludf.DUMMYFUNCTION("""COMPUTED_VALUE"""),"ANTONIO CESAR VELOSO CALCADOS EIRELI EPP") -> ANTONIO CESAR VELOSO CALCADOS EIRELI EPP | F51: =IFERROR(__xludf.DUMMYFUNCTION("""COMPUTED_VALUE"""),"TRIFIL") -> TRIFIL | G51: =IFERROR(__xludf.DUMMYFUNCTION("""COMPUTED_VALUE"""),"266803268") -> 266803268 | H51: =IFERROR(__xludf.DUMMYFUNCTION("""COMPUTED_VALUE"""),"1305325") -> 1305325 | I51: =IFERROR(__xludf.DUMMYFUNCTION("""COMPUTED_VALUE"""),"8176897") -> 8176897 | J51: =IFERROR(__xludf.DUMMYFUNCTION("""COMPUTED_VALUE"""),"CIF") -> CIF | K51: =IFERROR(__xludf.DUMMYFUNCTION("""COMPUTED_VALUE"""),"SAO-1") -> SAO-1 | L51: =IFERROR(__xludf.DUMMYFUNCTION("""COMPUTED_VALUE"""),"AUTORIZADO") -> AUTORIZADO | M51: =IFERROR(__xludf.DUMMYFUNCTION("""COMPUTED_VALUE"""),"NA ORIGEM") -> NA ORIGEM | N51: =IFERROR(__xludf.DUMMYFUNCTION("""COMPUTED_VALUE"""),"Antes Prazo") -> Antes Prazo | O51: =IFERROR(__xludf.DUMMYFUNCTION("""COMPUTED_VALUE"""),"B2B") -> B2B | P51: =IFERROR(__xludf.DUMMYFUNCTION("""COMPUTED_VALUE"""),38.46) -> 38.46 | Q51: =IFERROR(__xludf.DUMMYFUNCTION("""COMPUTED_VALUE"""),1.0) -> 1 | R51: =IFERROR(__xludf.DUMMYFUNCTION("""COMPUTED_VALUE"""),"RODO") -> RODO | S51: =IFERROR(__xludf.DUMMYFUNCTION("""COMPUTED_VALUE"""),"ITN") -> ITN | T51: =IFERROR(__xludf.DUMMYFUNCTION("""COMPUTED_VALUE"""),"2") -> 2 | U51: =IFERROR(__xludf.DUMMYFUNCTION("""COMPUTED_VALUE"""),"266803268 1305325 8176897 antonio cesar veloso calcados eireli epp trifil sjk 2") -> 266803268 1305325 8176897 antonio cesar veloso calcados eireli epp trifil sjk 2 | V51: =IFERROR(__xludf.DUMMYFUNCTION("""COMPUTED_VALUE"""),FALSE) -> FALSE
A52: =IFERROR(__xludf.DUMMYFUNCTION("""COMPUTED_VALUE"""),46304.0) -> 46304 | B52: =IFERROR(__xludf.DUMMYFUNCTION("""COMPUTED_VALUE"""),46316.0) -> 46316 | C52: =IFERROR(__xludf.DUMMYFUNCTION("""COMPUTED_VALUE"""),7.0) -> 7 | D52: =IFERROR(__xludf.DUMMYFUNCTION("""COMPUTED_VALUE"""),"SJK") -> SJK | E52: =IFERROR(__xludf.DUMMYFUNCTION("""COMPUTED_VALUE"""),"LOJAO JACAREI COM DE CONF LTDA") -> LOJAO JACAREI COM DE CONF LTDA | F52: =IFERROR(__xludf.DUMMYFUNCTION("""COMPUTED_VALUE"""),"TRIFIL") -> TRIFIL | G52: =IFERROR(__xludf.DUMMYFUNCTION("""COMPUTED_VALUE"""),"266803270") -> 266803270 | H52: =IFERROR(__xludf.DUMMYFUNCTION("""COMPUTED_VALUE"""),"1304017, 1305900") -> 1304017, 1305900 | I52: =IFERROR(__xludf.DUMMYFUNCTION("""COMPUTED_VALUE"""),"8177017") -> 8177017 | J52: =IFERROR(__xludf.DUMMYFUNCTION("""COMPUTED_VALUE"""),"CIF") -> CIF | K52: =IFERROR(__xludf.DUMMYFUNCTION("""COMPUTED_VALUE"""),"SAO-1") -> SAO-1 | L52: =IFERROR(__xludf.DUMMYFUNCTION("""COMPUTED_VALUE"""),"AUTORIZADO") -> AUTORIZADO | M52: =IFERROR(__xludf.DUMMYFUNCTION("""COMPUTED_VALUE"""),"NA ORIGEM") -> NA ORIGEM | N52: =IFERROR(__xludf.DUMMYFUNCTION("""COMPUTED_VALUE"""),"Antes Prazo") -> Antes Prazo | O52: =IFERROR(__xludf.DUMMYFUNCTION("""COMPUTED_VALUE"""),"B2B") -> B2B | P52: =IFERROR(__xludf.DUMMYFUNCTION("""COMPUTED_VALUE"""),38.46) -> 38.46 | Q52: =IFERROR(__xludf.DUMMYFUNCTION("""COMPUTED_VALUE"""),2.0) -> 2 | R52: =IFERROR(__xludf.DUMMYFUNCTION("""COMPUTED_VALUE"""),"RODO") -> RODO | S52: =IFERROR(__xludf.DUMMYFUNCTION("""COMPUTED_VALUE"""),"ITN") -> ITN | T52: =IFERROR(__xludf.DUMMYFUNCTION("""COMPUTED_VALUE"""),"101") -> 101 | U52: =IFERROR(__xludf.DUMMYFUNCTION("""COMPUTED_VALUE"""),"266803270 1304017, 1305900 8177017 lojao jacarei com de conf ltda trifil sjk 101") -> 266803270 1304017, 1305900 8177017 lojao jacarei com de conf ltda trifil sjk 101 | V52: =IFERROR(__xludf.DUMMYFUNCTION("""COMPUTED_VALUE"""),FALSE) -> FALSE
A53: =IFERROR(__xludf.DUMMYFUNCTION("""COMPUTED_VALUE"""),46304.0) -> 46304 | B53: =IFERROR(__xludf.DUMMYFUNCTION("""COMPUTED_VALUE"""),46316.0) -> 46316 | C53: =IFERROR(__xludf.DUMMYFUNCTION("""COMPUTED_VALUE"""),7.0) -> 7 | D53: =IFERROR(__xludf.DUMMYFUNCTION("""COMPUTED_VALUE"""),"CPQ") -> CPQ | E53: =IFERROR(__xludf.DUMMYFUNCTION("""COMPUTED_VALUE"""),"LUPO (CAMPINAS SHOPPING)") -> LUPO (CAMPINAS SHOPPING) | F53: =IFERROR(__xludf.DUMMYFUNCTION("""COMPUTED_VALUE"""),"TRIFIL") -> TRIFIL | G53: =IFERROR(__xludf.DUMMYFUNCTION("""COMPUTED_VALUE"""),"266803272") -> 266803272 | H53: =IFERROR(__xludf.DUMMYFUNCTION("""COMPUTED_VALUE"""),"1305655") -> 1305655 | I53: =IFERROR(__xludf.DUMMYFUNCTION("""COMPUTED_VALUE"""),"8176799") -> 8176799 | J53: =IFERROR(__xludf.DUMMYFUNCTION("""COMPUTED_VALUE"""),"CIF") -> CIF | K53: =IFERROR(__xludf.DUMMYFUNCTION("""COMPUTED_VALUE"""),"(sem célula)") -> (sem célula) | L53: =IFERROR(__xludf.DUMMYFUNCTION("""COMPUTED_VALUE"""),"AUTORIZADO") -> AUTORIZADO | M53: =IFERROR(__xludf.DUMMYFUNCTION("""COMPUTED_VALUE"""),"NA ORIGEM") -> NA ORIGEM | N53: =IFERROR(__xludf.DUMMYFUNCTION("""COMPUTED_VALUE"""),"Antes Prazo") -> Antes Prazo | O53: =IFERROR(__xludf.DUMMYFUNCTION("""COMPUTED_VALUE"""),"B2B") -> B2B | P53: =IFERROR(__xludf.DUMMYFUNCTION("""COMPUTED_VALUE"""),38.46) -> 38.46 | Q53: =IFERROR(__xludf.DUMMYFUNCTION("""COMPUTED_VALUE"""),1.0) -> 1 | R53: =IFERROR(__xludf.DUMMYFUNCTION("""COMPUTED_VALUE"""),"RODO") -> RODO | S53: =IFERROR(__xludf.DUMMYFUNCTION("""COMPUTED_VALUE"""),"ITN") -> ITN | T53: =IFERROR(__xludf.DUMMYFUNCTION("""COMPUTED_VALUE"""),"3") -> 3 | U53: =IFERROR(__xludf.DUMMYFUNCTION("""COMPUTED_VALUE"""),"266803272 1305655 8176799 lupo (campinas shopping) trifil cpq 3") -> 266803272 1305655 8176799 lupo (campinas shopping) trifil cpq 3 | V53: =IFERROR(__xludf.DUMMYFUNCTION("""COMPUTED_VALUE"""),FALSE) -> FALSE
A54: =IFERROR(__xludf.DUMMYFUNCTION("""COMPUTED_VALUE"""),46304.0) -> 46304 | B54: =IFERROR(__xludf.DUMMYFUNCTION("""COMPUTED_VALUE"""),46316.0) -> 46316 | C54: =IFERROR(__xludf.DUMMYFUNCTION("""COMPUTED_VALUE"""),7.0) -> 7 | D54: =IFERROR(__xludf.DUMMYFUNCTION("""COMPUTED_VALUE"""),"CCT") -> CCT | E54: =IFERROR(__xludf.DUMMYFUNCTION("""COMPUTED_VALUE"""),"CALC.MILANI LTDA") -> CALC.MILANI LTDA | F54: =IFERROR(__xludf.DUMMYFUNCTION("""COMPUTED_VALUE"""),"TRIFIL") -> TRIFIL | G54: =IFERROR(__xludf.DUMMYFUNCTION("""COMPUTED_VALUE"""),"266803273") -> 266803273 | H54: =IFERROR(__xludf.DUMMYFUNCTION("""COMPUTED_VALUE"""),"1304883") -> 1304883 | I54: =IFERROR(__xludf.DUMMYFUNCTION("""COMPUTED_VALUE"""),"8177018") -> 8177018 | J54: =IFERROR(__xludf.DUMMYFUNCTION("""COMPUTED_VALUE"""),"CIF") -> CIF | K54: =IFERROR(__xludf.DUMMYFUNCTION("""COMPUTED_VALUE"""),"(sem célula)") -> (sem célula) | L54: =IFERROR(__xludf.DUMMYFUNCTION("""COMPUTED_VALUE"""),"AUTORIZADO") -> AUTORIZADO | M54: =IFERROR(__xludf.DUMMYFUNCTION("""COMPUTED_VALUE"""),"NA ORIGEM") -> NA ORIGEM | N54: =IFERROR(__xludf.DUMMYFUNCTION("""COMPUTED_VALUE"""),"Antes Prazo") -> Antes Prazo | O54: =IFERROR(__xludf.DUMMYFUNCTION("""COMPUTED_VALUE"""),"B2B") -> B2B | P54: =IFERROR(__xludf.DUMMYFUNCTION("""COMPUTED_VALUE"""),45.49) -> 45.49 | Q54: =IFERROR(__xludf.DUMMYFUNCTION("""COMPUTED_VALUE"""),1.0) -> 1 | R54: =IFERROR(__xludf.DUMMYFUNCTION("""COMPUTED_VALUE"""),"RODO") -> RODO | S54: =IFERROR(__xludf.DUMMYFUNCTION("""COMPUTED_VALUE"""),"ITN") -> ITN | T54: =IFERROR(__xludf.DUMMYFUNCTION("""COMPUTED_VALUE"""),"131") -> 131 | U54: =IFERROR(__xludf.DUMMYFUNCTION("""COMPUTED_VALUE"""),"266803273 1304883 8177018 calc.milani ltda trifil cct 131") -> 266803273 1304883 8177018 calc.milani ltda trifil cct 131 | V54: =IFERROR(__xludf.DUMMYFUNCTION("""COMPUTED_VALUE"""),FALSE) -> FALSE
A55: =IFERROR(__xludf.DUMMYFUNCTION("""COMPUTED_VALUE"""),46304.0) -> 46304 | B55: =IFERROR(__xludf.DUMMYFUNCTION("""COMPUTED_VALUE"""),46316.0) -> 46316 | C55: =IFERROR(__xludf.DUMMYFUNCTION("""COMPUTED_VALUE"""),7.0) -> 7 | D55: =IFERROR(__xludf.DUMMYFUNCTION("""COMPUTED_VALUE"""),"CPQ") -> CPQ | E55: =IFERROR(__xludf.DUMMYFUNCTION("""COMPUTED_VALUE"""),"LIMA E ROLIZOLA COM DE CALÇADOS LTDA EPP") -> LIMA E ROLIZOLA COM DE CALÇADOS LTDA EPP | F55: =IFERROR(__xludf.DUMMYFUNCTION("""COMPUTED_VALUE"""),"TRIFIL") -> TRIFIL | G55: =IFERROR(__xludf.DUMMYFUNCTION("""COMPUTED_VALUE"""),"266803274") -> 266803274 | H55: =IFERROR(__xludf.DUMMYFUNCTION("""COMPUTED_VALUE"""),"1305376") -> 1305376 | I55: =IFERROR(__xludf.DUMMYFUNCTION("""COMPUTED_VALUE"""),"8176898") -> 8176898 | J55: =IFERROR(__xludf.DUMMYFUNCTION("""COMPUTED_VALUE"""),"CIF") -> CIF | K55: =IFERROR(__xludf.DUMMYFUNCTION("""COMPUTED_VALUE"""),"SAO-1") -> SAO-1 | L55: =IFERROR(__xludf.DUMMYFUNCTION("""COMPUTED_VALUE"""),"AUTORIZADO") -> AUTORIZADO | M55: =IFERROR(__xludf.DUMMYFUNCTION("""COMPUTED_VALUE"""),"NA ORIGEM") -> NA ORIGEM | N55: =IFERROR(__xludf.DUMMYFUNCTION("""COMPUTED_VALUE"""),"Antes Prazo") -> Antes Prazo | O55: =IFERROR(__xludf.DUMMYFUNCTION("""COMPUTED_VALUE"""),"B2B") -> B2B | P55: =IFERROR(__xludf.DUMMYFUNCTION("""COMPUTED_VALUE"""),38.46) -> 38.46 | Q55: =IFERROR(__xludf.DUMMYFUNCTION("""COMPUTED_VALUE"""),1.0) -> 1 | R55: =IFERROR(__xludf.DUMMYFUNCTION("""COMPUTED_VALUE"""),"RODO") -> RODO | S55: =IFERROR(__xludf.DUMMYFUNCTION("""COMPUTED_VALUE"""),"ITN") -> ITN | T55: =IFERROR(__xludf.DUMMYFUNCTION("""COMPUTED_VALUE"""),"101") -> 101 | U55: =IFERROR(__xludf.DUMMYFUNCTION("""COMPUTED_VALUE"""),"266803274 1305376 8176898 lima e rolizola com de calçados ltda epp trifil cpq 101") -> 266803274 1305376 8176898 lima e rolizola com de calçados ltda epp trifil cpq 101 | V55: =IFERROR(__xludf.DUMMYFUNCTION("""COMPUTED_VALUE"""),FALSE) -> FALSE
A56: =IFERROR(__xludf.DUMMYFUNCTION("""COMPUTED_VALUE"""),46304.0) -> 46304 | B56: =IFERROR(__xludf.DUMMYFUNCTION("""COMPUTED_VALUE"""),46317.0) -> 46317 | C56: =IFERROR(__xludf.DUMMYFUNCTION("""COMPUTED_VALUE"""),8.0) -> 8 | D56: =IFERROR(__xludf.DUMMYFUNCTION("""COMPUTED_VALUE"""),"ATB") -> ATB | E56: =IFERROR(__xludf.DUMMYFUNCTION("""COMPUTED_VALUE"""),"LOJAS EDLOPES") -> LOJAS EDLOPES | F56: =IFERROR(__xludf.DUMMYFUNCTION("""COMPUTED_VALUE"""),"TRIFIL") -> TRIFIL | G56: =IFERROR(__xludf.DUMMYFUNCTION("""COMPUTED_VALUE"""),"266803275") -> 266803275 | H56: =IFERROR(__xludf.DUMMYFUNCTION("""COMPUTED_VALUE"""),"1306006") -> 1306006 | I56: =IFERROR(__xludf.DUMMYFUNCTION("""COMPUTED_VALUE"""),"8176963") -> 8176963 | J56: =IFERROR(__xludf.DUMMYFUNCTION("""COMPUTED_VALUE"""),"CIF") -> CIF | K56: =IFERROR(__xludf.DUMMYFUNCTION("""COMPUTED_VALUE"""),"SAO-1") -> SAO-1 | L56: =IFERROR(__xludf.DUMMYFUNCTION("""COMPUTED_VALUE"""),"AUTORIZADO") -> AUTORIZADO | M56: =IFERROR(__xludf.DUMMYFUNCTION("""COMPUTED_VALUE"""),"NA ORIGEM") -> NA ORIGEM | N56: =IFERROR(__xludf.DUMMYFUNCTION("""COMPUTED_VALUE"""),"Antes Prazo") -> Antes Prazo | O56: =IFERROR(__xludf.DUMMYFUNCTION("""COMPUTED_VALUE"""),"B2B") -> B2B | P56: =IFERROR(__xludf.DUMMYFUNCTION("""COMPUTED_VALUE"""),48.22) -> 48.22 | Q56: =IFERROR(__xludf.DUMMYFUNCTION("""COMPUTED_VALUE"""),8.0) -> 8 | R56: =IFERROR(__xludf.DUMMYFUNCTION("""COMPUTED_VALUE"""),"RODO") -> RODO | S56: =IFERROR(__xludf.DUMMYFUNCTION("""COMPUTED_VALUE"""),"ITN") -> ITN | T56: =IFERROR(__xludf.DUMMYFUNCTION("""COMPUTED_VALUE"""),"103") -> 103 | U56: =IFERROR(__xludf.DUMMYFUNCTION("""COMPUTED_VALUE"""),"266803275 1306006 8176963 lojas edlopes trifil atb 103") -> 266803275 1306006 8176963 lojas edlopes trifil atb 103 | V56: =IFERROR(__xludf.DUMMYFUNCTION("""COMPUTED_VALUE"""),FALSE) -> FALSE
A57: =IFERROR(__xludf.DUMMYFUNCTION("""COMPUTED_VALUE"""),46304.0) -> 46304 | B57: =IFERROR(__xludf.DUMMYFUNCTION("""COMPUTED_VALUE"""),46316.0) -> 46316 | C57: =IFERROR(__xludf.DUMMYFUNCTION("""COMPUTED_VALUE"""),7.0) -> 7 | D57: =IFERROR(__xludf.DUMMYFUNCTION("""COMPUTED_VALUE"""),"CPQ") -> CPQ | E57: =IFERROR(__xludf.DUMMYFUNCTION("""COMPUTED_VALUE"""),"AMOREIRAS CALCADOS E MODAS LTDA") -> AMOREIRAS CALCADOS E MODAS LTDA | F57: =IFERROR(__xludf.DUMMYFUNCTION("""COMPUTED_VALUE"""),"TRIFIL") -> TRIFIL | G57: =IFERROR(__xludf.DUMMYFUNCTION("""COMPUTED_VALUE"""),"266803276") -> 266803276 | H57: =IFERROR(__xludf.DUMMYFUNCTION("""COMPUTED_VALUE"""),"1305931") -> 1305931 | I57: =IFERROR(__xludf.DUMMYFUNCTION("""COMPUTED_VALUE"""),"8176713") -> 8176713 | J57: =IFERROR(__xludf.DUMMYFUNCTION("""COMPUTED_VALUE"""),"CIF") -> CIF | K57: =IFERROR(__xludf.DUMMYFUNCTION("""COMPUTED_VALUE"""),"SAO-1") -> SAO-1 | L57: =IFERROR(__xludf.DUMMYFUNCTION("""COMPUTED_VALUE"""),"AUTORIZADO") -> AUTORIZADO | M57: =IFERROR(__xludf.DUMMYFUNCTION("""COMPUTED_VALUE"""),"NA ORIGEM") -> NA ORIGEM | N57: =IFERROR(__xludf.DUMMYFUNCTION("""COMPUTED_VALUE"""),"Antes Prazo") -> Antes Prazo | O57: =IFERROR(__xludf.DUMMYFUNCTION("""COMPUTED_VALUE"""),"B2B") -> B2B | P57: =IFERROR(__xludf.DUMMYFUNCTION("""COMPUTED_VALUE"""),38.46) -> 38.46 | Q57: =IFERROR(__xludf.DUMMYFUNCTION("""COMPUTED_VALUE"""),2.0) -> 2 | R57: =IFERROR(__xludf.DUMMYFUNCTION("""COMPUTED_VALUE"""),"RODO") -> RODO | S57: =IFERROR(__xludf.DUMMYFUNCTION("""COMPUTED_VALUE"""),"ITN") -> ITN | T57: =IFERROR(__xludf.DUMMYFUNCTION("""COMPUTED_VALUE"""),"107") -> 107 | U57: =IFERROR(__xludf.DUMMYFUNCTION("""COMPUTED_VALUE"""),"266803276 1305931 8176713 amoreiras calcados e modas ltda trifil cpq 107") -> 266803276 1305931 8176713 amoreiras calcados e modas ltda trifil cpq 107 | V57: =IFERROR(__xludf.DUMMYFUNCTION("""COMPUTED_VALUE"""),FALSE) -> FALSE
A58: =IFERROR(__xludf.DUMMYFUNCTION("""COMPUTED_VALUE"""),46304.0) -> 46304 | B58: =IFERROR(__xludf.DUMMYFUNCTION("""COMPUTED_VALUE"""),46316.0) -> 46316 | C58: =IFERROR(__xludf.DUMMYFUNCTION("""COMPUTED_VALUE"""),7.0) -> 7 | D58: =IFERROR(__xludf.DUMMYFUNCTION("""COMPUTED_VALUE"""),"SOD") -> SOD | E58: =IFERROR(__xludf.DUMMYFUNCTION("""COMPUTED_VALUE"""),"39.349.226 RODRIGO DE SIERVO") -> 39.349.226 RODRIGO DE SIERVO | F58: =IFERROR(__xludf.DUMMYFUNCTION("""COMPUTED_VALUE"""),"TRIFIL") -> TRIFIL | G58: =IFERROR(__xludf.DUMMYFUNCTION("""COMPUTED_VALUE"""),"266803277") -> 266803277 | H58: =IFERROR(__xludf.DUMMYFUNCTION("""COMPUTED_VALUE"""),"1305021, 1305637") -> 1305021, 1305637 | I58: =IFERROR(__xludf.DUMMYFUNCTION("""COMPUTED_VALUE"""),"8176964") -> 8176964 | J58: =IFERROR(__xludf.DUMMYFUNCTION("""COMPUTED_VALUE"""),"CIF") -> CIF | K58: =IFERROR(__xludf.DUMMYFUNCTION("""COMPUTED_VALUE"""),"SAO-1") -> SAO-1 | L58: =IFERROR(__xludf.DUMMYFUNCTION("""COMPUTED_VALUE"""),"AUTORIZADO") -> AUTORIZADO | M58: =IFERROR(__xludf.DUMMYFUNCTION("""COMPUTED_VALUE"""),"NA ORIGEM") -> NA ORIGEM | N58: =IFERROR(__xludf.DUMMYFUNCTION("""COMPUTED_VALUE"""),"Antes Prazo") -> Antes Prazo | O58: =IFERROR(__xludf.DUMMYFUNCTION("""COMPUTED_VALUE"""),"B2B") -> B2B | P58: =IFERROR(__xludf.DUMMYFUNCTION("""COMPUTED_VALUE"""),38.46) -> 38.46 | Q58: =IFERROR(__xludf.DUMMYFUNCTION("""COMPUTED_VALUE"""),3.0) -> 3 | R58: =IFERROR(__xludf.DUMMYFUNCTION("""COMPUTED_VALUE"""),"RODO") -> RODO | S58: =IFERROR(__xludf.DUMMYFUNCTION("""COMPUTED_VALUE"""),"ITN") -> ITN | T58: =IFERROR(__xludf.DUMMYFUNCTION("""COMPUTED_VALUE"""),"102") -> 102 | U58: =IFERROR(__xludf.DUMMYFUNCTION("""COMPUTED_VALUE"""),"266803277 1305021, 1305637 8176964 39.349.226 rodrigo de siervo trifil sod 102") -> 266803277 1305021, 1305637 8176964 39.349.226 rodrigo de siervo trifil sod 102 | V58: =IFERROR(__xludf.DUMMYFUNCTION("""COMPUTED_VALUE"""),FALSE) -> FALSE
A59: =IFERROR(__xludf.DUMMYFUNCTION("""COMPUTED_VALUE"""),46304.0) -> 46304 | B59: =IFERROR(__xludf.DUMMYFUNCTION("""COMPUTED_VALUE"""),46316.0) -> 46316 | C59: =IFERROR(__xludf.DUMMYFUNCTION("""COMPUTED_VALUE"""),7.0) -> 7 | D59: =IFERROR(__xludf.DUMMYFUNCTION("""COMPUTED_VALUE"""),"SOD") -> SOD | E59: =IFERROR(__xludf.DUMMYFUNCTION("""COMPUTED_VALUE"""),"43939026 GUSTAVO HENRIQUE SIMIONATO") -> 43939026 GUSTAVO HENRIQUE SIMIONATO | F59: =IFERROR(__xludf.DUMMYFUNCTION("""COMPUTED_VALUE"""),"TRIFIL") -> TRIFIL | G59: =IFERROR(__xludf.DUMMYFUNCTION("""COMPUTED_VALUE"""),"266803278") -> 266803278 | H59: =IFERROR(__xludf.DUMMYFUNCTION("""COMPUTED_VALUE"""),"1305884") -> 1305884 | I59: =IFERROR(__xludf.DUMMYFUNCTION("""COMPUTED_VALUE"""),"8176729") -> 8176729 | J59: =IFERROR(__xludf.DUMMYFUNCTION("""COMPUTED_VALUE"""),"CIF") -> CIF | K59: =IFERROR(__xludf.DUMMYFUNCTION("""COMPUTED_VALUE"""),"SAO-1") -> SAO-1 | L59: =IFERROR(__xludf.DUMMYFUNCTION("""COMPUTED_VALUE"""),"AUTORIZADO") -> AUTORIZADO | M59: =IFERROR(__xludf.DUMMYFUNCTION("""COMPUTED_VALUE"""),"NA ORIGEM") -> NA ORIGEM | N59: =IFERROR(__xludf.DUMMYFUNCTION("""COMPUTED_VALUE"""),"Antes Prazo") -> Antes Prazo | O59: =IFERROR(__xludf.DUMMYFUNCTION("""COMPUTED_VALUE"""),"B2B") -> B2B | P59: =IFERROR(__xludf.DUMMYFUNCTION("""COMPUTED_VALUE"""),38.46) -> 38.46 | Q59: =IFERROR(__xludf.DUMMYFUNCTION("""COMPUTED_VALUE"""),1.0) -> 1 | R59: =IFERROR(__xludf.DUMMYFUNCTION("""COMPUTED_VALUE"""),"RODO") -> RODO | S59: =IFERROR(__xludf.DUMMYFUNCTION("""COMPUTED_VALUE"""),"ITN") -> ITN | T59: =IFERROR(__xludf.DUMMYFUNCTION("""COMPUTED_VALUE"""),"102") -> 102 | U59: =IFERROR(__xludf.DUMMYFUNCTION("""COMPUTED_VALUE"""),"266803278 1305884 8176729 43939026 gustavo henrique simionato trifil sod 102") -> 266803278 1305884 8176729 43939026 gustavo henrique simionato trifil sod 102 | V59: =IFERROR(__xludf.DUMMYFUNCTION("""COMPUTED_VALUE"""),FALSE) -> FALSE
A60: =IFERROR(__xludf.DUMMYFUNCTION("""COMPUTED_VALUE"""),46304.0) -> 46304 | B60: =IFERROR(__xludf.DUMMYFUNCTION("""COMPUTED_VALUE"""),46316.0) -> 46316 | C60: =IFERROR(__xludf.DUMMYFUNCTION("""COMPUTED_VALUE"""),7.0) -> 7 | D60: =IFERROR(__xludf.DUMMYFUNCTION("""COMPUTED_VALUE"""),"DPW") -> DPW | E60: =IFERROR(__xludf.DUMMYFUNCTION("""COMPUTED_VALUE"""),"DEPOSITO 23") -> DEPOSITO 23 | F60: =IFERROR(__xludf.DUMMYFUNCTION("""COMPUTED_VALUE"""),"TRIFIL") -> TRIFIL | G60: =IFERROR(__xludf.DUMMYFUNCTION("""COMPUTED_VALUE"""),"266803279") -> 266803279 | H60: =IFERROR(__xludf.DUMMYFUNCTION("""COMPUTED_VALUE"""),"1305935") -> 1305935 | I60: =IFERROR(__xludf.DUMMYFUNCTION("""COMPUTED_VALUE"""),"8176754") -> 8176754 | J60: =IFERROR(__xludf.DUMMYFUNCTION("""COMPUTED_VALUE"""),"CIF") -> CIF | K60: =IFERROR(__xludf.DUMMYFUNCTION("""COMPUTED_VALUE"""),"SAO-1") -> SAO-1 | L60: =IFERROR(__xludf.DUMMYFUNCTION("""COMPUTED_VALUE"""),"AUTORIZADO") -> AUTORIZADO | M60: =IFERROR(__xludf.DUMMYFUNCTION("""COMPUTED_VALUE"""),"NA ORIGEM") -> NA ORIGEM | N60: =IFERROR(__xludf.DUMMYFUNCTION("""COMPUTED_VALUE"""),"Antes Prazo") -> Antes Prazo | O60: =IFERROR(__xludf.DUMMYFUNCTION("""COMPUTED_VALUE"""),"B2B") -> B2B | P60: =IFERROR(__xludf.DUMMYFUNCTION("""COMPUTED_VALUE"""),44.45) -> 44.45 | Q60: =IFERROR(__xludf.DUMMYFUNCTION("""COMPUTED_VALUE"""),3.0) -> 3 | R60: =IFERROR(__xludf.DUMMYFUNCTION("""COMPUTED_VALUE"""),"RODO") -> RODO | S60: =IFERROR(__xludf.DUMMYFUNCTION("""COMPUTED_VALUE"""),"ITN") -> ITN | T60: =IFERROR(__xludf.DUMMYFUNCTION("""COMPUTED_VALUE"""),"3") -> 3 | U60: =IFERROR(__xludf.DUMMYFUNCTION("""COMPUTED_VALUE"""),"266803279 1305935 8176754 deposito 23 trifil dpw 3") -> 266803279 1305935 8176754 deposito 23 trifil dpw 3 | V60: =IFERROR(__xludf.DUMMYFUNCTION("""COMPUTED_VALUE"""),FALSE) -> FALSE
A61: =IFERROR(__xludf.DUMMYFUNCTION("""COMPUTED_VALUE"""),46304.0) -> 46304 | B61: =IFERROR(__xludf.DUMMYFUNCTION("""COMPUTED_VALUE"""),46316.0) -> 46316 | C61: =IFERROR(__xludf.DUMMYFUNCTION("""COMPUTED_VALUE"""),7.0) -> 7 | D61: =IFERROR(__xludf.DUMMYFUNCTION("""COMPUTED_VALUE"""),"DPW") -> DPW | E61: =IFERROR(__xludf.DUMMYFUNCTION("""COMPUTED_VALUE"""),"A T NETTO") -> A T NETTO | F61: =IFERROR(__xludf.DUMMYFUNCTION("""COMPUTED_VALUE"""),"TRIFIL") -> TRIFIL | G61: =IFERROR(__xludf.DUMMYFUNCTION("""COMPUTED_VALUE"""),"266803280") -> 266803280 | H61: =IFERROR(__xludf.DUMMYFUNCTION("""COMPUTED_VALUE"""),"1305830") -> 1305830 | I61: =IFERROR(__xludf.DUMMYFUNCTION("""COMPUTED_VALUE"""),"8176765") -> 8176765 | J61: =IFERROR(__xludf.DUMMYFUNCTION("""COMPUTED_VALUE"""),"CIF") -> CIF | K61: =IFERROR(__xludf.DUMMYFUNCTION("""COMPUTED_VALUE"""),"FSA-1") -> FSA-1 | L61: =IFERROR(__xludf.DUMMYFUNCTION("""COMPUTED_VALUE"""),"AUTORIZADO") -> AUTORIZADO | M61: =IFERROR(__xludf.DUMMYFUNCTION("""COMPUTED_VALUE"""),"NA ORIGEM") -> NA ORIGEM | N61: =IFERROR(__xludf.DUMMYFUNCTION("""COMPUTED_VALUE"""),"Antes Prazo") -> Antes Prazo | O61: =IFERROR(__xludf.DUMMYFUNCTION("""COMPUTED_VALUE"""),"B2B") -> B2B | P61: =IFERROR(__xludf.DUMMYFUNCTION("""COMPUTED_VALUE"""),51.99) -> 51.99 | Q61: =IFERROR(__xludf.DUMMYFUNCTION("""COMPUTED_VALUE"""),6.0) -> 6 | R61: =IFERROR(__xludf.DUMMYFUNCTION("""COMPUTED_VALUE"""),"RODO") -> RODO | S61: =IFERROR(__xludf.DUMMYFUNCTION("""COMPUTED_VALUE"""),"ITN") -> ITN | T61: =IFERROR(__xludf.DUMMYFUNCTION("""COMPUTED_VALUE"""),"107") -> 107 | U61: =IFERROR(__xludf.DUMMYFUNCTION("""COMPUTED_VALUE"""),"266803280 1305830 8176765 a t netto trifil dpw 107") -> 266803280 1305830 8176765 a t netto trifil dpw 107 | V61: =IFERROR(__xludf.DUMMYFUNCTION("""COMPUTED_VALUE"""),FALSE) -> FALSE
A62: =IFERROR(__xludf.DUMMYFUNCTION("""COMPUTED_VALUE"""),46304.0) -> 46304 | B62: =IFERROR(__xludf.DUMMYFUNCTION("""COMPUTED_VALUE"""),46316.0) -> 46316 | C62: =IFERROR(__xludf.DUMMYFUNCTION("""COMPUTED_VALUE"""),7.0) -> 7 | D62: =IFERROR(__xludf.DUMMYFUNCTION("""COMPUTED_VALUE"""),"DPW") -> DPW | E62: =IFERROR(__xludf.DUMMYFUNCTION("""COMPUTED_VALUE"""),"MR CAT 1") -> MR CAT 1 | F62: =IFERROR(__xludf.DUMMYFUNCTION("""COMPUTED_VALUE"""),"TRIFIL") -> TRIFIL | G62: =IFERROR(__xludf.DUMMYFUNCTION("""COMPUTED_VALUE"""),"266803281") -> 266803281 | H62: =IFERROR(__xludf.DUMMYFUNCTION("""COMPUTED_VALUE"""),"1305384") -> 1305384 | I62: =IFERROR(__xludf.DUMMYFUNCTION("""COMPUTED_VALUE"""),"8176769") -> 8176769 | J62: =IFERROR(__xludf.DUMMYFUNCTION("""COMPUTED_VALUE"""),"CIF") -> CIF | K62: =IFERROR(__xludf.DUMMYFUNCTION("""COMPUTED_VALUE"""),"SAO-1") -> SAO-1 | L62: =IFERROR(__xludf.DUMMYFUNCTION("""COMPUTED_VALUE"""),"AUTORIZADO") -> AUTORIZADO | M62: =IFERROR(__xludf.DUMMYFUNCTION("""COMPUTED_VALUE"""),"NA ORIGEM") -> NA ORIGEM | N62: =IFERROR(__xludf.DUMMYFUNCTION("""COMPUTED_VALUE"""),"Antes Prazo") -> Antes Prazo | O62: =IFERROR(__xludf.DUMMYFUNCTION("""COMPUTED_VALUE"""),"B2B") -> B2B | P62: =IFERROR(__xludf.DUMMYFUNCTION("""COMPUTED_VALUE"""),38.46) -> 38.46 | Q62: =IFERROR(__xludf.DUMMYFUNCTION("""COMPUTED_VALUE"""),1.0) -> 1 | R62: =IFERROR(__xludf.DUMMYFUNCTION("""COMPUTED_VALUE"""),"RODO") -> RODO | S62: =IFERROR(__xludf.DUMMYFUNCTION("""COMPUTED_VALUE"""),"ITN") -> ITN | T62: =IFERROR(__xludf.DUMMYFUNCTION("""COMPUTED_VALUE"""),"109") -> 109 | U62: =IFERROR(__xludf.DUMMYFUNCTION("""COMPUTED_VALUE"""),"266803281 1305384 8176769 mr cat 1 trifil dpw 109") -> 266803281 1305384 8176769 mr cat 1 trifil dpw 109 | V62: =IFERROR(__xludf.DUMMYFUNCTION("""COMPUTED_VALUE"""),FALSE) -> FALSE
A63: =IFERROR(__xludf.DUMMYFUNCTION("""COMPUTED_VALUE"""),46304.0) -> 46304 | B63: =IFERROR(__xludf.DUMMYFUNCTION("""COMPUTED_VALUE"""),46316.0) -> 46316 | C63: =IFERROR(__xludf.DUMMYFUNCTION("""COMPUTED_VALUE"""),7.0) -> 7 | D63: =IFERROR(__xludf.DUMMYFUNCTION("""COMPUTED_VALUE"""),"AQA") -> AQA | E63: =IFERROR(__xludf.DUMMYFUNCTION("""COMPUTED_VALUE"""),"LOJAS LUPO") -> LOJAS LUPO | F63: =IFERROR(__xludf.DUMMYFUNCTION("""COMPUTED_VALUE"""),"TRIFIL") -> TRIFIL | G63: =IFERROR(__xludf.DUMMYFUNCTION("""COMPUTED_VALUE"""),"266803282") -> 266803282 | H63: =IFERROR(__xludf.DUMMYFUNCTION("""COMPUTED_VALUE"""),"1305438") -> 1305438 | I63: =IFERROR(__xludf.DUMMYFUNCTION("""COMPUTED_VALUE"""),"8176925") -> 8176925 | J63: =IFERROR(__xludf.DUMMYFUNCTION("""COMPUTED_VALUE"""),"CIF") -> CIF | K63: =IFERROR(__xludf.DUMMYFUNCTION("""COMPUTED_VALUE"""),"SAO-1") -> SAO-1 | L63: =IFERROR(__xludf.DUMMYFUNCTION("""COMPUTED_VALUE"""),"AUTORIZADO") -> AUTORIZADO | M63: =IFERROR(__xludf.DUMMYFUNCTION("""COMPUTED_VALUE"""),"NA ORIGEM") -> NA ORIGEM | N63: =IFERROR(__xludf.DUMMYFUNCTION("""COMPUTED_VALUE"""),"Antes Prazo") -> Antes Prazo | O63: =IFERROR(__xludf.DUMMYFUNCTION("""COMPUTED_VALUE"""),"B2B") -> B2B | P63: =IFERROR(__xludf.DUMMYFUNCTION("""COMPUTED_VALUE"""),38.46) -> 38.46 | Q63: =IFERROR(__xludf.DUMMYFUNCTION("""COMPUTED_VALUE"""),2.0) -> 2 | R63: =IFERROR(__xludf.DUMMYFUNCTION("""COMPUTED_VALUE"""),"RODO") -> RODO | S63: =IFERROR(__xludf.DUMMYFUNCTION("""COMPUTED_VALUE"""),"ITN") -> ITN | T63: =IFERROR(__xludf.DUMMYFUNCTION("""COMPUTED_VALUE"""),"101") -> 101 | U63: =IFERROR(__xludf.DUMMYFUNCTION("""COMPUTED_VALUE"""),"266803282 1305438 8176925 lojas lupo trifil aqa 101") -> 266803282 1305438 8176925 lojas lupo trifil aqa 101 | V63: =IFERROR(__xludf.DUMMYFUNCTION("""COMPUTED_VALUE"""),FALSE) -> FALSE
A64: =IFERROR(__xludf.DUMMYFUNCTION("""COMPUTED_VALUE"""),46304.0) -> 46304 | B64: =IFERROR(__xludf.DUMMYFUNCTION("""COMPUTED_VALUE"""),46316.0) -> 46316 | C64: =IFERROR(__xludf.DUMMYFUNCTION("""COMPUTED_VALUE"""),7.0) -> 7 | D64: =IFERROR(__xludf.DUMMYFUNCTION("""COMPUTED_VALUE"""),"SPY") -> SPY | E64: =IFERROR(__xludf.DUMMYFUNCTION("""COMPUTED_VALUE"""),"ZUTIN & CIA.LTDA.") -> ZUTIN & CIA.LTDA. | F64: =IFERROR(__xludf.DUMMYFUNCTION("""COMPUTED_VALUE"""),"TRIFIL") -> TRIFIL | G64: =IFERROR(__xludf.DUMMYFUNCTION("""COMPUTED_VALUE"""),"266803283") -> 266803283 | H64: =IFERROR(__xludf.DUMMYFUNCTION("""COMPUTED_VALUE"""),"1305409") -> 1305409 | I64: =IFERROR(__xludf.DUMMYFUNCTION("""COMPUTED_VALUE"""),"8176926") -> 8176926 | J64: =IFERROR(__xludf.DUMMYFUNCTION("""COMPUTED_VALUE"""),"CIF") -> CIF | K64: =IFERROR(__xludf.DUMMYFUNCTION("""COMPUTED_VALUE"""),"SAO-1") -> SAO-1 | L64: =IFERROR(__xludf.DUMMYFUNCTION("""COMPUTED_VALUE"""),"AUTORIZADO") -> AUTORIZADO | M64: =IFERROR(__xludf.DUMMYFUNCTION("""COMPUTED_VALUE"""),"NA ORIGEM") -> NA ORIGEM | N64: =IFERROR(__xludf.DUMMYFUNCTION("""COMPUTED_VALUE"""),"Antes Prazo") -> Antes Prazo | O64: =IFERROR(__xludf.DUMMYFUNCTION("""COMPUTED_VALUE"""),"B2B") -> B2B | P64: =IFERROR(__xludf.DUMMYFUNCTION("""COMPUTED_VALUE"""),38.46) -> 38.46 | Q64: =IFERROR(__xludf.DUMMYFUNCTION("""COMPUTED_VALUE"""),1.0) -> 1 | R64: =IFERROR(__xludf.DUMMYFUNCTION("""COMPUTED_VALUE"""),"RODO") -> RODO | S64: =IFERROR(__xludf.DUMMYFUNCTION("""COMPUTED_VALUE"""),"ITN") -> ITN | T64: =IFERROR(__xludf.DUMMYFUNCTION("""COMPUTED_VALUE"""),"112") -> 112 | U64: =IFERROR(__xludf.DUMMYFUNCTION("""COMPUTED_VALUE"""),"266803283 1305409 8176926 zutin & cia.ltda. trifil spy 112") -> 266803283 1305409 8176926 zutin & cia.ltda. trifil spy 112 | V64: =IFERROR(__xludf.DUMMYFUNCTION("""COMPUTED_VALUE"""),FALSE) -> FALSE
A65: =IFERROR(__xludf.DUMMYFUNCTION("""COMPUTED_VALUE"""),46304.0) -> 46304 | B65: =IFERROR(__xludf.DUMMYFUNCTION("""COMPUTED_VALUE"""),46317.0) -> 46317 | C65: =IFERROR(__xludf.DUMMYFUNCTION("""COMPUTED_VALUE"""),8.0) -> 8 | D65: =IFERROR(__xludf.DUMMYFUNCTION("""COMPUTED_VALUE"""),"SPY") -> SPY | E65: =IFERROR(__xludf.DUMMYFUNCTION("""COMPUTED_VALUE"""),"FILOH COMERCIO IMP E EXP") -> FILOH COMERCIO IMP E EXP | F65: =IFERROR(__xludf.DUMMYFUNCTION("""COMPUTED_VALUE"""),"TRIFIL") -> TRIFIL | G65: =IFERROR(__xludf.DUMMYFUNCTION("""COMPUTED_VALUE"""),"266803284") -> 266803284 | H65: =IFERROR(__xludf.DUMMYFUNCTION("""COMPUTED_VALUE"""),"1305945") -> 1305945 | I65: =IFERROR(__xludf.DUMMYFUNCTION("""COMPUTED_VALUE"""),"8176748") -> 8176748 | J65: =IFERROR(__xludf.DUMMYFUNCTION("""COMPUTED_VALUE"""),"CIF") -> CIF | K65: =IFERROR(__xludf.DUMMYFUNCTION("""COMPUTED_VALUE"""),"SAO-1") -> SAO-1 | L65: =IFERROR(__xludf.DUMMYFUNCTION("""COMPUTED_VALUE"""),"AUTORIZADO") -> AUTORIZADO | M65: =IFERROR(__xludf.DUMMYFUNCTION("""COMPUTED_VALUE"""),"NA ORIGEM") -> NA ORIGEM | N65: =IFERROR(__xludf.DUMMYFUNCTION("""COMPUTED_VALUE"""),"Antes Prazo") -> Antes Prazo | O65: =IFERROR(__xludf.DUMMYFUNCTION("""COMPUTED_VALUE"""),"B2B") -> B2B | P65: =IFERROR(__xludf.DUMMYFUNCTION("""COMPUTED_VALUE"""),38.46) -> 38.46 | Q65: =IFERROR(__xludf.DUMMYFUNCTION("""COMPUTED_VALUE"""),1.0) -> 1 | R65: =IFERROR(__xludf.DUMMYFUNCTION("""COMPUTED_VALUE"""),"RODO") -> RODO | S65: =IFERROR(__xludf.DUMMYFUNCTION("""COMPUTED_VALUE"""),"ITN") -> ITN | T65: =IFERROR(__xludf.DUMMYFUNCTION("""COMPUTED_VALUE"""),"1") -> 1 | U65: =IFERROR(__xludf.DUMMYFUNCTION("""COMPUTED_VALUE"""),"266803284 1305945 8176748 filoh comercio imp e exp trifil spy 1") -> 266803284 1305945 8176748 filoh comercio imp e exp trifil spy 1 | V65: =IFERROR(__xludf.DUMMYFUNCTION("""COMPUTED_VALUE"""),FALSE) -> FALSE
A66: =IFERROR(__xludf.DUMMYFUNCTION("""COMPUTED_VALUE"""),46304.0) -> 46304 | B66: =IFERROR(__xludf.DUMMYFUNCTION("""COMPUTED_VALUE"""),46317.0) -> 46317 | C66: =IFERROR(__xludf.DUMMYFUNCTION("""COMPUTED_VALUE"""),8.0) -> 8 | D66: =IFERROR(__xludf.DUMMYFUNCTION("""COMPUTED_VALUE"""),"SPY") -> SPY | E66: =IFERROR(__xludf.DUMMYFUNCTION("""COMPUTED_VALUE"""),"LOJA ROMANIA") -> LOJA ROMANIA | F66: =IFERROR(__xludf.DUMMYFUNCTION("""COMPUTED_VALUE"""),"TRIFIL") -> TRIFIL | G66: =IFERROR(__xludf.DUMMYFUNCTION("""COMPUTED_VALUE"""),"266803285") -> 266803285 | H66: =IFERROR(__xludf.DUMMYFUNCTION("""COMPUTED_VALUE"""),"1305753") -> 1305753 | I66: =IFERROR(__xludf.DUMMYFUNCTION("""COMPUTED_VALUE"""),"8176965") -> 8176965 | J66: =IFERROR(__xludf.DUMMYFUNCTION("""COMPUTED_VALUE"""),"CIF") -> CIF | K66: =IFERROR(__xludf.DUMMYFUNCTION("""COMPUTED_VALUE"""),"FSA-1") -> FSA-1 | L66: =IFERROR(__xludf.DUMMYFUNCTION("""COMPUTED_VALUE"""),"AUTORIZADO") -> AUTORIZADO | M66: =IFERROR(__xludf.DUMMYFUNCTION("""COMPUTED_VALUE"""),"NA ORIGEM") -> NA ORIGEM | N66: =IFERROR(__xludf.DUMMYFUNCTION("""COMPUTED_VALUE"""),"Antes Prazo") -> Antes Prazo | O66: =IFERROR(__xludf.DUMMYFUNCTION("""COMPUTED_VALUE"""),"B2B") -> B2B | P66: =IFERROR(__xludf.DUMMYFUNCTION("""COMPUTED_VALUE"""),38.46) -> 38.46 | Q66: =IFERROR(__xludf.DUMMYFUNCTION("""COMPUTED_VALUE"""),1.0) -> 1 | R66: =IFERROR(__xludf.DUMMYFUNCTION("""COMPUTED_VALUE"""),"RODO") -> RODO | S66: =IFERROR(__xludf.DUMMYFUNCTION("""COMPUTED_VALUE"""),"ITN") -> ITN | T66: =IFERROR(__xludf.DUMMYFUNCTION("""COMPUTED_VALUE"""),"102") -> 102 | U66: =IFERROR(__xludf.DUMMYFUNCTION("""COMPUTED_VALUE"""),"266803285 1305753 8176965 loja romania trifil spy 102") -> 266803285 1305753 8176965 loja romania trifil spy 102 | V66: =IFERROR(__xludf.DUMMYFUNCTION("""COMPUTED_VALUE"""),FALSE) -> FALSE
A67: =IFERROR(__xludf.DUMMYFUNCTION("""COMPUTED_VALUE"""),46304.0) -> 46304 | B67: =IFERROR(__xludf.DUMMYFUNCTION("""COMPUTED_VALUE"""),46317.0) -> 46317 | C67: =IFERROR(__xludf.DUMMYFUNCTION("""COMPUTED_VALUE"""),8.0) -> 8 | D67: =IFERROR(__xludf.DUMMYFUNCTION("""COMPUTED_VALUE"""),"MMG") -> MMG | E67: =IFERROR(__xludf.DUMMYFUNCTION("""COMPUTED_VALUE"""),"CONFECCOES ROBLIU LTDA - EPP") -> CONFECCOES ROBLIU LTDA - EPP | F67: =IFERROR(__xludf.DUMMYFUNCTION("""COMPUTED_VALUE"""),"TRIFIL") -> TRIFIL | G67: =IFERROR(__xludf.DUMMYFUNCTION("""COMPUTED_VALUE"""),"266803286") -> 266803286 | H67: =IFERROR(__xludf.DUMMYFUNCTION("""COMPUTED_VALUE"""),"1305167") -> 1305167 | I67: =IFERROR(__xludf.DUMMYFUNCTION("""COMPUTED_VALUE"""),"8176865") -> 8176865 | J67: =IFERROR(__xludf.DUMMYFUNCTION("""COMPUTED_VALUE"""),"CIF") -> CIF | K67: =IFERROR(__xludf.DUMMYFUNCTION("""COMPUTED_VALUE"""),"(sem célula)") -> (sem célula) | L67: =IFERROR(__xludf.DUMMYFUNCTION("""COMPUTED_VALUE"""),"AUTORIZADO") -> AUTORIZADO | M67: =IFERROR(__xludf.DUMMYFUNCTION("""COMPUTED_VALUE"""),"NA ORIGEM") -> NA ORIGEM | N67: =IFERROR(__xludf.DUMMYFUNCTION("""COMPUTED_VALUE"""),"Antes Prazo") -> Antes Prazo | O67: =IFERROR(__xludf.DUMMYFUNCTION("""COMPUTED_VALUE"""),"B2B") -> B2B | P67: =IFERROR(__xludf.DUMMYFUNCTION("""COMPUTED_VALUE"""),38.46) -> 38.46 | Q67: =IFERROR(__xludf.DUMMYFUNCTION("""COMPUTED_VALUE"""),1.0) -> 1 | R67: =IFERROR(__xludf.DUMMYFUNCTION("""COMPUTED_VALUE"""),"RODO") -> RODO | S67: =IFERROR(__xludf.DUMMYFUNCTION("""COMPUTED_VALUE"""),"ITN") -> ITN | T67: =IFERROR(__xludf.DUMMYFUNCTION("""COMPUTED_VALUE"""),"40") -> 40 | U67: =IFERROR(__xludf.DUMMYFUNCTION("""COMPUTED_VALUE"""),"266803286 1305167 8176865 confeccoes robliu ltda - epp trifil mmg 40") -> 266803286 1305167 8176865 confeccoes robliu ltda - epp trifil mmg 40 | V67: =IFERROR(__xludf.DUMMYFUNCTION("""COMPUTED_VALUE"""),FALSE) -> FALSE
A68: =IFERROR(__xludf.DUMMYFUNCTION("""COMPUTED_VALUE"""),46304.0) -> 46304 | B68: =IFERROR(__xludf.DUMMYFUNCTION("""COMPUTED_VALUE"""),46317.0) -> 46317 | C68: =IFERROR(__xludf.DUMMYFUNCTION("""COMPUTED_VALUE"""),8.0) -> 8 | D68: =IFERROR(__xludf.DUMMYFUNCTION("""COMPUTED_VALUE"""),"MMG") -> MMG | E68: =IFERROR(__xludf.DUMMYFUNCTION("""COMPUTED_VALUE"""),"NATALINA TAQUECAVA FUKUDA ME") -> NATALINA TAQUECAVA FUKUDA ME | F68: =IFERROR(__xludf.DUMMYFUNCTION("""COMPUTED_VALUE"""),"TRIFIL") -> TRIFIL | G68: =IFERROR(__xludf.DUMMYFUNCTION("""COMPUTED_VALUE"""),"266803287") -> 266803287 | H68: =IFERROR(__xludf.DUMMYFUNCTION("""COMPUTED_VALUE"""),"1305795") -> 1305795 | I68: =IFERROR(__xludf.DUMMYFUNCTION("""COMPUTED_VALUE"""),"8176927") -> 8176927 | J68: =IFERROR(__xludf.DUMMYFUNCTION("""COMPUTED_VALUE"""),"CIF") -> CIF | K68: =IFERROR(__xludf.DUMMYFUNCTION("""COMPUTED_VALUE"""),"SAO-1") -> SAO-1 | L68: =IFERROR(__xludf.DUMMYFUNCTION("""COMPUTED_VALUE"""),"AUTORIZADO") -> AUTORIZADO | M68: =IFERROR(__xludf.DUMMYFUNCTION("""COMPUTED_VALUE"""),"NA ORIGEM") -> NA ORIGEM | N68: =IFERROR(__xludf.DUMMYFUNCTION("""COMPUTED_VALUE"""),"Antes Prazo") -> Antes Prazo | O68: =IFERROR(__xludf.DUMMYFUNCTION("""COMPUTED_VALUE"""),"B2B") -> B2B | P68: =IFERROR(__xludf.DUMMYFUNCTION("""COMPUTED_VALUE"""),38.46) -> 38.46 | Q68: =IFERROR(__xludf.DUMMYFUNCTION("""COMPUTED_VALUE"""),2.0) -> 2 | R68: =IFERROR(__xludf.DUMMYFUNCTION("""COMPUTED_VALUE"""),"RODO") -> RODO | S68: =IFERROR(__xludf.DUMMYFUNCTION("""COMPUTED_VALUE"""),"ITN") -> ITN | T68: =IFERROR(__xludf.DUMMYFUNCTION("""COMPUTED_VALUE"""),"40") -> 40 | U68: =IFERROR(__xludf.DUMMYFUNCTION("""COMPUTED_VALUE"""),"266803287 1305795 8176927 natalina taquecava fukuda me trifil mmg 40") -> 266803287 1305795 8176927 natalina taquecava fukuda me trifil mmg 40 | V68: =IFERROR(__xludf.DUMMYFUNCTION("""COMPUTED_VALUE"""),FALSE) -> FALSE
A69: =IFERROR(__xludf.DUMMYFUNCTION("""COMPUTED_VALUE"""),46304.0) -> 46304 | B69: =IFERROR(__xludf.DUMMYFUNCTION("""COMPUTED_VALUE"""),46317.0) -> 46317 | C69: =IFERROR(__xludf.DUMMYFUNCTION("""COMPUTED_VALUE"""),8.0) -> 8 | D69: =IFERROR(__xludf.DUMMYFUNCTION("""COMPUTED_VALUE"""),"MMG") -> MMG | E69: =IFERROR(__xludf.DUMMYFUNCTION("""COMPUTED_VALUE"""),"MOYSES MAGAZINE") -> MOYSES MAGAZINE | F69: =IFERROR(__xludf.DUMMYFUNCTION("""COMPUTED_VALUE"""),"TRIFIL") -> TRIFIL | G69: =IFERROR(__xludf.DUMMYFUNCTION("""COMPUTED_VALUE"""),"266803288") -> 266803288 | H69: =IFERROR(__xludf.DUMMYFUNCTION("""COMPUTED_VALUE"""),"1303933") -> 1303933 | I69: =IFERROR(__xludf.DUMMYFUNCTION("""COMPUTED_VALUE"""),"8177019") -> 8177019 | J69: =IFERROR(__xludf.DUMMYFUNCTION("""COMPUTED_VALUE"""),"CIF") -> CIF | K69: =IFERROR(__xludf.DUMMYFUNCTION("""COMPUTED_VALUE"""),"FSA-1") -> FSA-1 | L69: =IFERROR(__xludf.DUMMYFUNCTION("""COMPUTED_VALUE"""),"AUTORIZADO") -> AUTORIZADO | M69: =IFERROR(__xludf.DUMMYFUNCTION("""COMPUTED_VALUE"""),"NA ORIGEM") -> NA ORIGEM | N69: =IFERROR(__xludf.DUMMYFUNCTION("""COMPUTED_VALUE"""),"Antes Prazo") -> Antes Prazo | O69: =IFERROR(__xludf.DUMMYFUNCTION("""COMPUTED_VALUE"""),"B2B") -> B2B | P69: =IFERROR(__xludf.DUMMYFUNCTION("""COMPUTED_VALUE"""),38.46) -> 38.46 | Q69: =IFERROR(__xludf.DUMMYFUNCTION("""COMPUTED_VALUE"""),1.0) -> 1 | R69: =IFERROR(__xludf.DUMMYFUNCTION("""COMPUTED_VALUE"""),"RODO") -> RODO | S69: =IFERROR(__xludf.DUMMYFUNCTION("""COMPUTED_VALUE"""),"ITN") -> ITN | T69: =IFERROR(__xludf.DUMMYFUNCTION("""COMPUTED_VALUE"""),"402") -> 402 | U69: =IFERROR(__xludf.DUMMYFUNCTION("""COMPUTED_VALUE"""),"266803288 1303933 8177019 moyses magazine trifil mmg 402") -> 266803288 1303933 8177019 moyses magazine trifil mmg 402 | V69: =IFERROR(__xludf.DUMMYFUNCTION("""COMPUTED_VALUE"""),FALSE) -> FALSE
A70: =IFERROR(__xludf.DUMMYFUNCTION("""COMPUTED_VALUE"""),46304.0) -> 46304 | B70: =IFERROR(__xludf.DUMMYFUNCTION("""COMPUTED_VALUE"""),46316.0) -> 46316 | C70: =IFERROR(__xludf.DUMMYFUNCTION("""COMPUTED_VALUE"""),7.0) -> 7 | D70: =IFERROR(__xludf.DUMMYFUNCTION("""COMPUTED_VALUE"""),"RAO") -> RAO | E70: =IFERROR(__xludf.DUMMYFUNCTION("""COMPUTED_VALUE"""),"PLF ARTIGOS DO VESTUARIO RIBEIRAO PRETO") -> PLF ARTIGOS DO VESTUARIO RIBEIRAO PRETO | F70: =IFERROR(__xludf.DUMMYFUNCTION("""COMPUTED_VALUE"""),"TRIFIL") -> TRIFIL | G70: =IFERROR(__xludf.DUMMYFUNCTION("""COMPUTED_VALUE"""),"266803289") -> 266803289 | H70: =IFERROR(__xludf.DUMMYFUNCTION("""COMPUTED_VALUE"""),"1304926") -> 1304926 | I70: =IFERROR(__xludf.DUMMYFUNCTION("""COMPUTED_VALUE"""),"8177020") -> 8177020 | J70: =IFERROR(__xludf.DUMMYFUNCTION("""COMPUTED_VALUE"""),"CIF") -> CIF | K70: =IFERROR(__xludf.DUMMYFUNCTION("""COMPUTED_VALUE"""),"SAO-1") -> SAO-1 | L70: =IFERROR(__xludf.DUMMYFUNCTION("""COMPUTED_VALUE"""),"AUTORIZADO") -> AUTORIZADO | M70: =IFERROR(__xludf.DUMMYFUNCTION("""COMPUTED_VALUE"""),"NA ORIGEM") -> NA ORIGEM | N70: =IFERROR(__xludf.DUMMYFUNCTION("""COMPUTED_VALUE"""),"Antes Prazo") -> Antes Prazo | O70: =IFERROR(__xludf.DUMMYFUNCTION("""COMPUTED_VALUE"""),"B2B") -> B2B | P70: =IFERROR(__xludf.DUMMYFUNCTION("""COMPUTED_VALUE"""),38.46) -> 38.46 | Q70: =IFERROR(__xludf.DUMMYFUNCTION("""COMPUTED_VALUE"""),1.0) -> 1 | R70: =IFERROR(__xludf.DUMMYFUNCTION("""COMPUTED_VALUE"""),"RODO") -> RODO | S70: =IFERROR(__xludf.DUMMYFUNCTION("""COMPUTED_VALUE"""),"ITN") -> ITN | T70: =IFERROR(__xludf.DUMMYFUNCTION("""COMPUTED_VALUE"""),"4") -> 4 | U70: =IFERROR(__xludf.DUMMYFUNCTION("""COMPUTED_VALUE"""),"266803289 1304926 8177020 plf artigos do vestuario ribeirao preto trifil rao 4") -> 266803289 1304926 8177020 plf artigos do vestuario ribeirao preto trifil rao 4 | V70: =IFERROR(__xludf.DUMMYFUNCTION("""COMPUTED_VALUE"""),FALSE) -> FALSE
A71: =IFERROR(__xludf.DUMMYFUNCTION("""COMPUTED_VALUE"""),46304.0) -> 46304 | B71: =IFERROR(__xludf.DUMMYFUNCTION("""COMPUTED_VALUE"""),46316.0) -> 46316 | C71: =IFERROR(__xludf.DUMMYFUNCTION("""COMPUTED_VALUE"""),7.0) -> 7 | D71: =IFERROR(__xludf.DUMMYFUNCTION("""COMPUTED_VALUE"""),"RAO") -> RAO | E71: =IFERROR(__xludf.DUMMYFUNCTION("""COMPUTED_VALUE"""),"LUPO (RIBEIRÃO SHOPPING)") -> LUPO (RIBEIRÃO SHOPPING) | F71: =IFERROR(__xludf.DUMMYFUNCTION("""COMPUTED_VALUE"""),"TRIFIL") -> TRIFIL | G71: =IFERROR(__xludf.DUMMYFUNCTION("""COMPUTED_VALUE"""),"266803291") -> 266803291 | H71: =IFERROR(__xludf.DUMMYFUNCTION("""COMPUTED_VALUE"""),"1305186, 1305293") -> 1305186, 1305293 | I71: =IFERROR(__xludf.DUMMYFUNCTION("""COMPUTED_VALUE"""),"8176966") -> 8176966 | J71: =IFERROR(__xludf.DUMMYFUNCTION("""COMPUTED_VALUE"""),"CIF") -> CIF | K71: =IFERROR(__xludf.DUMMYFUNCTION("""COMPUTED_VALUE"""),"SAO-1") -> SAO-1 | L71: =IFERROR(__xludf.DUMMYFUNCTION("""COMPUTED_VALUE"""),"AUTORIZADO") -> AUTORIZADO | M71: =IFERROR(__xludf.DUMMYFUNCTION("""COMPUTED_VALUE"""),"NA ORIGEM") -> NA ORIGEM | N71: =IFERROR(__xludf.DUMMYFUNCTION("""COMPUTED_VALUE"""),"Antes Prazo") -> Antes Prazo | O71: =IFERROR(__xludf.DUMMYFUNCTION("""COMPUTED_VALUE"""),"B2B") -> B2B | P71: =IFERROR(__xludf.DUMMYFUNCTION("""COMPUTED_VALUE"""),38.46) -> 38.46 | Q71: =IFERROR(__xludf.DUMMYFUNCTION("""COMPUTED_VALUE"""),2.0) -> 2 | R71: =IFERROR(__xludf.DUMMYFUNCTION("""COMPUTED_VALUE"""),"RODO") -> RODO | S71: =IFERROR(__xludf.DUMMYFUNCTION("""COMPUTED_VALUE"""),"ITN") -> ITN | T71: =IFERROR(__xludf.DUMMYFUNCTION("""COMPUTED_VALUE"""),"5") -> 5 | U71: =IFERROR(__xludf.DUMMYFUNCTION("""COMPUTED_VALUE"""),"266803291 1305186, 1305293 8176966 lupo (ribeirão shopping) trifil rao 5") -> 266803291 1305186, 1305293 8176966 lupo (ribeirão shopping) trifil rao 5 | V71: =IFERROR(__xludf.DUMMYFUNCTION("""COMPUTED_VALUE"""),FALSE) -> FALSE
A72: =IFERROR(__xludf.DUMMYFUNCTION("""COMPUTED_VALUE"""),46304.0) -> 46304 | B72: =IFERROR(__xludf.DUMMYFUNCTION("""COMPUTED_VALUE"""),46316.0) -> 46316 | C72: =IFERROR(__xludf.DUMMYFUNCTION("""COMPUTED_VALUE"""),7.0) -> 7 | D72: =IFERROR(__xludf.DUMMYFUNCTION("""COMPUTED_VALUE"""),"RAO") -> RAO | E72: =IFERROR(__xludf.DUMMYFUNCTION("""COMPUTED_VALUE"""),"ROZELI AGOSTA BATAGIN") -> ROZELI AGOSTA BATAGIN | F72: =IFERROR(__xludf.DUMMYFUNCTION("""COMPUTED_VALUE"""),"TRIFIL") -> TRIFIL | G72: =IFERROR(__xludf.DUMMYFUNCTION("""COMPUTED_VALUE"""),"266803292") -> 266803292 | H72: =IFERROR(__xludf.DUMMYFUNCTION("""COMPUTED_VALUE"""),"1305688") -> 1305688 | I72: =IFERROR(__xludf.DUMMYFUNCTION("""COMPUTED_VALUE"""),"8176841") -> 8176841 | J72: =IFERROR(__xludf.DUMMYFUNCTION("""COMPUTED_VALUE"""),"CIF") -> CIF | K72: =IFERROR(__xludf.DUMMYFUNCTION("""COMPUTED_VALUE"""),"(sem célula)") -> (sem célula) | L72: =IFERROR(__xludf.DUMMYFUNCTION("""COMPUTED_VALUE"""),"AUTORIZADO") -> AUTORIZADO | M72: =IFERROR(__xludf.DUMMYFUNCTION("""COMPUTED_VALUE"""),"NA ORIGEM") -> NA ORIGEM | N72: =IFERROR(__xludf.DUMMYFUNCTION("""COMPUTED_VALUE"""),"Antes Prazo") -> Antes Prazo | O72: =IFERROR(__xludf.DUMMYFUNCTION("""COMPUTED_VALUE"""),"B2B") -> B2B | P72: =IFERROR(__xludf.DUMMYFUNCTION("""COMPUTED_VALUE"""),38.46) -> 38.46 | Q72: =IFERROR(__xludf.DUMMYFUNCTION("""COMPUTED_VALUE"""),1.0) -> 1 | R72: =IFERROR(__xludf.DUMMYFUNCTION("""COMPUTED_VALUE"""),"RODO") -> RODO | S72: =IFERROR(__xludf.DUMMYFUNCTION("""COMPUTED_VALUE"""),"ITN") -> ITN | T72: =IFERROR(__xludf.DUMMYFUNCTION("""COMPUTED_VALUE"""),"6") -> 6 | U72: =IFERROR(__xludf.DUMMYFUNCTION("""COMPUTED_VALUE"""),"266803292 1305688 8176841 rozeli agosta batagin trifil rao 6") -> 266803292 1305688 8176841 rozeli agosta batagin trifil rao 6 | V72: =IFERROR(__xludf.DUMMYFUNCTION("""COMPUTED_VALUE"""),FALSE) -> FALSE
A73: =IFERROR(__xludf.DUMMYFUNCTION("""COMPUTED_VALUE"""),46304.0) -> 46304 | B73: =IFERROR(__xludf.DUMMYFUNCTION("""COMPUTED_VALUE"""),46316.0) -> 46316 | C73: =IFERROR(__xludf.DUMMYFUNCTION("""COMPUTED_VALUE"""),7.0) -> 7 | D73: =IFERROR(__xludf.DUMMYFUNCTION("""COMPUTED_VALUE"""),"RAO") -> RAO | E73: =IFERROR(__xludf.DUMMYFUNCTION("""COMPUTED_VALUE"""),"BRUNA SPORTWEAR COMERCIO DE VESTUARIO LT") -> BRUNA SPORTWEAR COMERCIO DE VESTUARIO LT | F73: =IFERROR(__xludf.DUMMYFUNCTION("""COMPUTED_VALUE"""),"TRIFIL") -> TRIFIL | G73: =IFERROR(__xludf.DUMMYFUNCTION("""COMPUTED_VALUE"""),"266803293") -> 266803293 | H73: =IFERROR(__xludf.DUMMYFUNCTION("""COMPUTED_VALUE"""),"1305379") -> 1305379 | I73: =IFERROR(__xludf.DUMMYFUNCTION("""COMPUTED_VALUE"""),"8176967") -> 8176967 | J73: =IFERROR(__xludf.DUMMYFUNCTION("""COMPUTED_VALUE"""),"CIF") -> CIF | K73: =IFERROR(__xludf.DUMMYFUNCTION("""COMPUTED_VALUE"""),"(sem célula)") -> (sem célula) | L73: =IFERROR(__xludf.DUMMYFUNCTION("""COMPUTED_VALUE"""),"AUTORIZADO") -> AUTORIZADO | M73: =IFERROR(__xludf.DUMMYFUNCTION("""COMPUTED_VALUE"""),"NA ORIGEM") -> NA ORIGEM | N73: =IFERROR(__xludf.DUMMYFUNCTION("""COMPUTED_VALUE"""),"Antes Prazo") -> Antes Prazo | O73: =IFERROR(__xludf.DUMMYFUNCTION("""COMPUTED_VALUE"""),"B2B") -> B2B | P73: =IFERROR(__xludf.DUMMYFUNCTION("""COMPUTED_VALUE"""),38.46) -> 38.46 | Q73: =IFERROR(__xludf.DUMMYFUNCTION("""COMPUTED_VALUE"""),1.0) -> 1 | R73: =IFERROR(__xludf.DUMMYFUNCTION("""COMPUTED_VALUE"""),"RODO") -> RODO | S73: =IFERROR(__xludf.DUMMYFUNCTION("""COMPUTED_VALUE"""),"ITN") -> ITN | T73: =IFERROR(__xludf.DUMMYFUNCTION("""COMPUTED_VALUE"""),"7") -> 7 | U73: =IFERROR(__xludf.DUMMYFUNCTION("""COMPUTED_VALUE"""),"266803293 1305379 8176967 bruna sportwear comercio de vestuario lt trifil rao 7") -> 266803293 1305379 8176967 bruna sportwear comercio de vestuario lt trifil rao 7 | V73: =IFERROR(__xludf.DUMMYFUNCTION("""COMPUTED_VALUE"""),FALSE) -> FALSE
A74: =IFERROR(__xludf.DUMMYFUNCTION("""COMPUTED_VALUE"""),46304.0) -> 46304 | B74: =IFERROR(__xludf.DUMMYFUNCTION("""COMPUTED_VALUE"""),46317.0) -> 46317 | C74: =IFERROR(__xludf.DUMMYFUNCTION("""COMPUTED_VALUE"""),8.0) -> 8 | D74: =IFERROR(__xludf.DUMMYFUNCTION("""COMPUTED_VALUE"""),"RAO") -> RAO | E74: =IFERROR(__xludf.DUMMYFUNCTION("""COMPUTED_VALUE"""),"JOSE PEREIRA LIMA EPP") -> JOSE PEREIRA LIMA EPP | F74: =IFERROR(__xludf.DUMMYFUNCTION("""COMPUTED_VALUE"""),"TRIFIL") -> TRIFIL | G74: =IFERROR(__xludf.DUMMYFUNCTION("""COMPUTED_VALUE"""),"266803294") -> 266803294 | H74: =IFERROR(__xludf.DUMMYFUNCTION("""COMPUTED_VALUE"""),"1305408") -> 1305408 | I74: =IFERROR(__xludf.DUMMYFUNCTION("""COMPUTED_VALUE"""),"8176928") -> 8176928 | J74: =IFERROR(__xludf.DUMMYFUNCTION("""COMPUTED_VALUE"""),"CIF") -> CIF | K74: =IFERROR(__xludf.DUMMYFUNCTION("""COMPUTED_VALUE"""),"SAO-1") -> SAO-1 | L74: =IFERROR(__xludf.DUMMYFUNCTION("""COMPUTED_VALUE"""),"AUTORIZADO") -> AUTORIZADO | M74: =IFERROR(__xludf.DUMMYFUNCTION("""COMPUTED_VALUE"""),"NA ORIGEM") -> NA ORIGEM | N74: =IFERROR(__xludf.DUMMYFUNCTION("""COMPUTED_VALUE"""),"Antes Prazo") -> Antes Prazo | O74: =IFERROR(__xludf.DUMMYFUNCTION("""COMPUTED_VALUE"""),"B2B") -> B2B | P74: =IFERROR(__xludf.DUMMYFUNCTION("""COMPUTED_VALUE"""),38.46) -> 38.46 | Q74: =IFERROR(__xludf.DUMMYFUNCTION("""COMPUTED_VALUE"""),1.0) -> 1 | R74: =IFERROR(__xludf.DUMMYFUNCTION("""COMPUTED_VALUE"""),"RODO") -> RODO | S74: =IFERROR(__xludf.DUMMYFUNCTION("""COMPUTED_VALUE"""),"ITN") -> ITN | T74: =IFERROR(__xludf.DUMMYFUNCTION("""COMPUTED_VALUE"""),"106") -> 106 | U74: =IFERROR(__xludf.DUMMYFUNCTION("""COMPUTED_VALUE"""),"266803294 1305408 8176928 jose pereira lima epp trifil rao 106") -> 266803294 1305408 8176928 jose pereira lima epp trifil rao 106 | V74: =IFERROR(__xludf.DUMMYFUNCTION("""COMPUTED_VALUE"""),FALSE) -> FALSE
